net,length_um
_1071_,580.01
_1278_,469.9
clknet_0_clk,465.79
_1111_,447.28
_1205_,437.53
_1090_,414.1
_1108_,413.59
_1069_,398.875
_1335_,397.82
_1251_,394.73
_1241_,385.92
_1276_,371.51
_1177_,365.97
_1060_,354.04
_1146_,333.99
_1100_,332.93
_1025_,331.26
_1371_,330.06
_1186_,326.94
_1050_,314.04
_1043_,312.65
_1037_,311.315
_1320_,309.52
_1218_,305.89
_1073_,302.36
_1339_,301.01
_1316_,295.43
_1200_,292
_1031_,291.84
_1290_,289.66
_1375_,285.31
_1190_,283.47
_1088_,279.95
_1042_,278.17
_1268_,277.06
_1344_,276.91
_1078_,276.72
_1096_,276.58
_1405_,272.89
_1169_,272.22
_1372_,271.81
_1119_,268.88
_1067_,266.145
_1401_,265.93
_1311_,264.16
_1577_,263.53
_1099_,261.36
_1396_,260.66
_1394_,259.48
_1153_,257.56
clk,254.55
_0721_,253.335
_1440_,252.06
_1272_,251.35
_1362_,250.24
_1189_,249.81
_1087_,248.04
_1076_,246.78
clknet_3_4__leaf_clk,246.5
_1027_,244.33
_1350_,242.4
_1055_,241.68
_1446_,238.23
_1127_,237.81
_1030_,232.77
_1182_,229.82
_1490_,229.34
_1144_,226.36
_1094_,225.05
clknet_3_1__leaf_clk,222.59
clknet_3_6__leaf_clk,222.18
_1231_,221.78
_0812_,220.87
_0980_,219.855
clknet_3_0__leaf_clk,218.38
_1448_,218.31
_1024_,215.19
_1301_,214.72
_1270_,214.565
_1408_,212.8
_0908_,211.84
_1759_,211.79
_1925_,209.16
_1080_,209.155
_0891_,209
_1297_,207.15
clknet_3_5__leaf_clk,205.72
_1533_,205.45
_1211_,204.56
_1202_,204.37
_1165_,202.52
_1881_,199.92
_1173_,199.62
_1293_,198.58
_1464_,197.74
_1039_,195.97
_1437_,194.68
_1288_,193.95
_1968_,193.3
_1203_,192.69
_1093_,192.02
_1672_,191.59
_1664_,191.16
clknet_3_3__leaf_clk,191.02
_1751_,190.76
_1113_,190.6
_1346_,190.485
_1707_,189.54
_1736_,188.34
_1838_,185.9
_1215_,184.94
_1620_,184.44
_1541_,184.39
_1171_,184.07
_1002_,183.86
_1628_,183.7
_1347_,182.76
_1794_,181.65
clknet_3_2__leaf_clk,181.02
_1926_,180.91
_1708_,178.96
_1752_,177.54
_1795_,177.19
_1679_,176.84
_1933_,176.81
_1161_,176.46
_1315_,174.155
clknet_3_7__leaf_clk,173.73
_1193_,172.62
_0729_,172.28
_1432_,171.355
_1823_,170.65
_1997_,169.78
_1123_,169.62
_1867_,168.435
_1028_,166.24
_1179_,166.04
_0988_,165.68
_1940_,165.4
_1287_,165.32
_1364_,165.13
_0878_,164.135
_1056_,163.84
_0765_,163.44
_1430_,163.35
_1665_,162.37
_1107_,161.45
_1131_,160.1
_1642_,159.88
_1349_,159.535
_1041_,158.86
_1048_,158.52
_1766_,158
_1091_,157.24
_1227_,157.18
_1780_,157.16
_0892_,156.91
_1104_,156.68
_1260_,156.105
_1450_,155.48
_1635_,155.43
_1882_,154.99
_1053_,154.52
_1889_,154.32
_1418_,153.45
_1319_,153.32
_1047_,152.89
_1057_,152.055
_1969_,151.48
_1262_,151.43
clknet_leaf_1_clk,150.57
_1140_,149.965
_1548_,148.36
_0786_,148.3
_1135_,148.155
_1389_,147.6
_1903_,147.315
_1298_,146.86
_1040_,146.5
_2018_,144.32
_1910_,142.4
_1366_,142.38
_1743_,141.96
_0826_,140.98
_1860_,140.76
_1555_,140.31
_1686_,140.02
_1947_,140.02
_0779_,139.68
_1773_,139.575
_2025_,139.4
_2011_,139.08
_0772_,138.26
_2039_,137.46
_1052_,137.125
_0995_,137.06
_1433_,136.42
_1454_,136.36
_1839_,136.32
_1075_,136.12
_1274_,135.62
net3,134.78
clknet_leaf_19_clk,133.22
clknet_leaf_55_clk,132.055
_1407_,132.04
_1331_,131.845
_0764_,131.36
_1385_,130.51
_1599_,129.69
_1302_,129.465
net1,128.76
clknet_leaf_21_clk,128.615
_2004_,128.5
_0935_,128.32
_1816_,128.06
clknet_leaf_42_clk,127.86
net2,127.48
clknet_leaf_38_clk,127.32
_1722_,127.28
_1149_,127.09
_1954_,126.72
_0722_,126.16
clknet_leaf_33_clk,125.64
_0743_,125.42
_1585_,125.28
_1225_,125.21
_1621_,125.18
_1106_,124.935
_1294_,124.71
clknet_leaf_10_clk,124.46
_1562_,124.38
_0909_,123.84
net76,123.64
_1248_,122.48
_1519_,121.74
_0750_,121.16
_1693_,121.1
_1242_,120.22
_2032_,120.12
clknet_leaf_15_clk,119.645
clknet_leaf_56_clk,119.515
_1129_,119.265
_1802_,119.095
_1029_,118.86
net59,117.93
net28,117.68
_1846_,117.63
clknet_leaf_51_clk,117.32
_0736_,117.29
_1853_,117.12
net123,116.68
_1715_,116.46
_1896_,116.26
_0793_,116.16
_0948_,115.64
_1388_,115.58
_1498_,115.34
_1983_,115.1
_1809_,114.52
clknet_leaf_17_clk,114.2
_1976_,114.18
_1410_,113.96
_0800_,113.855
clknet_leaf_52_clk,113.44
_1456_,113.21
_1830_,112.7
_1491_,112.3
_0865_,111.93
clknet_leaf_3_clk,110.76
_1578_,109.92
_1512_,109.42
_1729_,108.57
clknet_leaf_0_clk,108.1
net16,107.91
clknet_leaf_25_clk,107.835
clknet_leaf_48_clk,107.26
clknet_leaf_4_clk,106.2
net26,105.47
_1386_,104.26
_1151_,103.25
net13,102.86
clknet_leaf_11_clk,102.52
_1026_,102.38
clknet_leaf_8_clk,101.68
net19,101.28
_0961_,101.2
net29,101.2
clknet_leaf_29_clk,100.775
net48,100.56
net99,100.41
_0922_,100.38
_1787_,100.34
net34,100.14
_1917_,99.535
_1613_,98.54
net38,97.74
_1329_,96.68
_1961_,96.54
net66,96.22
clknet_leaf_2_clk,96.18
clknet_leaf_24_clk,96.14
clknet_leaf_23_clk,95.88
clknet_leaf_50_clk,95.87
clknet_leaf_59_clk,95.4
net55,94.74
net102,94.38
clknet_leaf_54_clk,94.095
_1592_,93.94
clknet_leaf_57_clk,93.9
_1009_,93.72
net107,93.66
clknet_leaf_40_clk,93.56
_0839_,93.4
clknet_leaf_34_clk,93.395
net92,93.18
net119,92.39
_1874_,91.54
_0973_,91.32
_1606_,90.5
clknet_leaf_53_clk,90.335
_1036_,90.18
clknet_leaf_47_clk,89.82
_1266_,89.42
_1505_,89.24
_1526_,89.14
net141,89.12
net128,88.58
_1066_,88.355
net57,88.34
clknet_leaf_39_clk,88.28
_1077_,87.84
net46,87.8
net68,87.4
clknet_leaf_36_clk,87.24
_1990_,87.18
_0981_,86.86
net71,86.82
net50,86.74
clknet_leaf_35_clk,86.635
_0813_,86.62
_1534_,86.62
net111,86.58
net74,85.3
clknet_leaf_13_clk,83.9
net132,83.68
net144,83.22
clknet_leaf_32_clk,82.28
clknet_leaf_14_clk,82.18
clknet_leaf_46_clk,81.82
_1700_,81.04
_1649_,80.18
_0819_,79.66
net89,79.48
_0757_,79.38
_0815_,79.06
net130,78.8
net86,77.48
clknet_leaf_41_clk,77.48
_0852_,76.96
_0952_,76.6
_1016_,76.46
net51,75.74
clknet_leaf_28_clk,74.26
_1656_,74
net20,73.24
net137,73.08
clknet_leaf_12_clk,72.86
net117,72.84
net139,72.84
clknet_leaf_31_clk,72.72
clknet_leaf_9_clk,72.21
clknet_leaf_27_clk,71.84
net121,71.42
_0958_,70.84
_0817_,69.6
_0882_,69.58
clknet_leaf_49_clk,69.54
_0963_,69.5
net101,69.25
clknet_leaf_58_clk,68.94
_0864_,68.88
_0896_,68.52
_1070_,68.5
clknet_leaf_30_clk,68.14
net118,68.08
net27,68.02
_1569_,67.97
_0894_,67.88
net39,67.67
net73,67.1
clknet_leaf_18_clk,66.9
net18,66.84
net44,66.62
_0856_,66.515
net6,66.42
net147,65.78
clknet_leaf_5_clk,65.72
_1059_,65.56
_0965_,65.18
_0971_,65.12
net93,63.58
clknet_leaf_43_clk,63.26
_0926_,63.1
_0884_,62.8
_0967_,62.24
_0821_,61.79
_0937_,61.74
net64,61.58
net33,61.54
_0947_,61.38
clknet_leaf_16_clk,61.38
net124,61.34
net129,61.34
_0921_,61.28
net32,61.04
_0945_,60.64
_0823_,60.32
_0902_,59.98
_0867_,59.54
_0888_,59.42
clknet_leaf_26_clk,59.42
_0807_,58.98
clknet_leaf_22_clk,58.975
_0900_,58.76
net45,58.68
clknet_leaf_7_clk,58.3
_0898_,58.22
_0828_,58.17
_0862_,57.76
_0917_,56.6
_1098_,56.14
_0954_,55.72
net25,55.34
_0875_,55.24
_0904_,55.08
_0841_,54.89
net11,54.86
net79,54.44
_0960_,54.26
net115,54.22
net56,53.66
_0873_,53.04
_0836_,52.94
net7,52.88
_0869_,52.8
_0911_,52.54
_0939_,52.46
_0851_,52.28
net75,51.48
net100,51.46
_0834_,50.98
net110,50.92
net24,50.78
_0858_,50.74
net146,49.7
clknet_leaf_37_clk,49.52
clknet_leaf_44_clk,49.48
_0919_,49.18
_0969_,49.12
_0924_,48.92
_0832_,48.87
net106,48.74
net10,48.3
_0913_,48.12
_0943_,47.68
_0950_,47.4
net126,47.36
_0871_,47.32
_0849_,47.24
net65,47.14
_0845_,46.38
net138,46.12
net112,46.07
net37,46.04
instance_1.rdata\[23\],45.94
_0854_,45.66
_0934_,45.36
_0941_,44.9
_0930_,44.86
_1750_,44.5
clknet_leaf_20_clk,44.26
net80,43.88
net105,43.78
_0877_,43.64
_0847_,43.44
net134,43.16
clknet_leaf_6_clk,43.14
_0915_,42.86
_0838_,42.66
_0928_,42.62
net84,42.16
clknet_leaf_60_clk,41.98
net135,41.96
_1033_,41.88
net120,41.18
_0720_,41.06
net22,41.06
net97,41.04
net133,41.04
instance_1.mem\[3\]\[70\],40.92
net63,40.82
net62,40.66
net23,40.62
net136,40.52
_0843_,39.94
net53,39.94
_0860_,39.9
_0890_,39.14
_0880_,39.08
net131,38.8
net145,38.78
_0825_,38.14
_0830_,38.02
_0956_,38.01
instance_1.mem\[2\]\[55\],37.72
net17,37.6
instance_1.mem\[2\]\[53\],37.585
instance_0.rdata\[33\],37.52
instance_0.mem\[3\]\[67\],37.48
net125,36.94
net122,36.92
net140,36.52
_0932_,36.16
net67,36
_1837_,35.94
net15,35.65
_0886_,35.64
net42,35.54
_1034_,35.38
net72,35.38
instance_1.mem\[1\]\[17\],35
net127,34.36
net41,34.26
wdata[19],34.03
instance_1.rdata\[15\],33.76
net142,33.38
_1148_,33.3
net43,32.46
_1358_,32.4
net60,32.34
net104,32.18
net9,31.94
instance_0.rdata\[55\],31.88
net31,31.58
_1219_,31.48
net69,31.2
_0906_,31.18
net96,31.02
_0905_,30.99
_1924_,30.9
instance_0.mem\[3\]\[38\],30.54
rdata[22],30.49
instance_0.mem\[3\]\[13\],30.46
instance_0.mem\[1\]\[49\],30.32
_1174_,29.92
rdata[14],29.29
instance_0.mem\[2\]\[46\],29.26
instance_0.rdata\[31\],29.2
rdata[13],29.03
_0940_,28.84
instance_0.rdata\[13\],28.8
instance_1.rdata\[14\],28.74
instance_1.mem\[0\]\[44\],28.6
_1663_,28.54
instance_0.mem\[3\]\[3\],28.44
instance_0.mem\[3\]\[64\],28.4
wdata[39],28.4
instance_1.mem\[2\]\[61\],28.365
instance_0.mem\[3\]\[17\],28.12
wdata[4],28.04
wdata[12],27.93
_1357_,27.9
net70,27.88
instance_0.mem\[1\]\[38\],27.82
instance_0.mem\[3\]\[51\],27.76
wdata[1],27.54
_0808_,27.375
instance_1.mem\[1\]\[7\],27.3
net85,27.2
net61,27.18
net78,26.98
net624,26.88
_1426_,26.84
instance_1.rdata\[13\],26.84
wdata[15],26.77
wdata[5],26.66
_1196_,26.64
instance_1.mem\[1\]\[27\],26.64
instance_1.mem\[1\]\[61\],26.42
_1085_,26.36
instance_1.mem\[1\]\[32\],26.26
net58,26.26
net52,26.14
instance_1.rdata\[49\],26.04
instance_1.mem\[3\]\[61\],25.9
instance_1.mem\[2\]\[14\],25.775
net40,25.76
wdata[13],25.71
instance_1.rdata\[20\],25.7
net36,25.62
instance_0.mem\[3\]\[47\],25.585
instance_0.rdata\[30\],25.56
net148,25.52
net81,25.42
rdata[12],25.41
instance_0.mem\[3\]\[44\],25.4
net4,25.2
net12,25.2
instance_1.rdata\[40\],25.155
_1420_,25.12
instance_0.rdata\[7\],25.12
net113,25.06
wdata[16],25.05
wdata[22],25.03
_1441_,24.92
instance_0.mem\[1\]\[4\],24.92
_1187_,24.9
net973,24.76
wdata[3],24.74
net143,24.72
instance_0.mem\[3\]\[48\],24.7
_1269_,24.68
net8,24.68
instance_1.mem\[0\]\[25\],24.595
instance_1.mem\[3\]\[11\],24.565
instance_0.mem\[3\]\[71\],24.32
_1046_,24.3
_1285_,24.3
net103,24.26
net109,24.26
net114,24.26
net116,24.26
rdata[21],24.11
_1367_,23.9
instance_0.rdata\[27\],23.64
instance_0.rdata\[15\],23.62
_1369_,23.58
net30,23.5
instance_0.mem\[0\]\[23\],23.48
net21,23.44
instance_0.mem\[2\]\[19\],23.425
_1086_,23.28
_1354_,23.08
_1576_,23.04
wdata[0],23.04
instance_1.mem\[2\]\[27\],22.96
_0097_,22.945
instance_1.mem\[3\]\[33\],22.84
_1166_,22.82
instance_0.mem\[2\]\[53\],22.8
instance_0.mem\[3\]\[53\],22.8
instance_1.mem\[3\]\[49\],22.765
instance_1.mem\[2\]\[22\],22.76
instance_1.rdata\[26\],22.74
instance_1.rdata\[66\],22.72
instance_1.mem\[2\]\[43\],22.685
_1180_,22.68
rdata[26],22.67
instance_0.mem\[3\]\[1\],22.6
instance_0.mem\[2\]\[15\],22.4
instance_1.mem\[1\]\[28\],22.38
net47,22.38
instance_0.mem\[2\]\[16\],22.08
net5,22.04
_1355_,22
net90,22
instance_0.mem\[2\]\[28\],21.86
net54,21.86
instance_0.mem\[3\]\[69\],21.845
instance_0.mem\[2\]\[26\],21.8
instance_1.mem\[0\]\[13\],21.8
_0907_,21.7
_0809_,21.68
_1233_,21.68
instance_1.mem\[2\]\[12\],21.68
wdata[41],21.66
wdata[17],21.55
net108,21.54
instance_0.mem\[1\]\[28\],21.52
instance_0.mem\[3\]\[46\],21.46
instance_1.mem\[0\]\[6\],21.46
instance_0.mem\[0\]\[35\],21.38
instance_0.mem\[1\]\[54\],21.38
instance_0.mem\[0\]\[27\],21.345
_1162_,21.3
instance_1.mem\[3\]\[58\],21.28
rdata[52],21.19
instance_0.mem\[3\]\[19\],21.18
_1327_,21.14
_1486_,20.98
instance_0.mem\[3\]\[22\],20.96
_1147_,20.94
_0149_,20.9
net49,20.895
instance_0.rdata\[50\],20.8
net95,20.78
instance_1.mem\[0\]\[51\],20.74
rdata[25],20.73
instance_1.mem\[0\]\[10\],20.72
instance_0.mem\[2\]\[38\],20.68
_1361_,20.62
instance_0.mem\[0\]\[6\],20.62
instance_0.mem\[3\]\[15\],20.62
instance_0.mem\[2\]\[70\],20.585
instance_0.mem\[2\]\[39\],20.565
_1365_,20.54
instance_0.mem\[2\]\[27\],20.54
instance_1.mem\[2\]\[31\],20.49
instance_1.mem\[0\]\[29\],20.44
instance_1.mem\[0\]\[38\],20.385
instance_0.mem\[0\]\[9\],20.34
_1373_,20.3
instance_1.mem\[1\]\[66\],20.27
instance_0.mem\[1\]\[1\],20.24
_1092_,20.22
_1038_,20.04
instance_1.mem\[3\]\[43\],20
wdata[2],19.98
net83,19.98
_0475_,19.945
rdata[68],19.86
instance_1.mem\[2\]\[49\],19.8
instance_0.mem\[1\]\[14\],19.7
instance_1.mem\[1\]\[33\],19.7
wdata[8],19.67
instance_0.mem\[3\]\[26\],19.66
wdata[20],19.63
instance_1.mem\[2\]\[44\],19.625
_0181_,19.62
instance_0.rdata\[14\],19.58
_1317_,19.54
instance_1.mem\[1\]\[13\],19.54
instance_1.mem\[2\]\[38\],19.54
instance_0.mem\[1\]\[42\],19.5
instance_0.mem\[2\]\[14\],19.495
_1244_,19.46
instance_1.mem\[1\]\[35\],19.46
instance_0.rdata\[59\],19.36
_2044_,19.34
instance_1.mem\[3\]\[34\],19.29
instance_0.mem\[2\]\[22\],19.26
instance_1.mem\[1\]\[20\],19.2
instance_1.mem\[1\]\[6\],19.2
instance_0.mem\[3\]\[10\],19.145
_1326_,19.1
instance_0.mem\[1\]\[8\],19.08
instance_1.mem\[1\]\[51\],19.08
instance_1.mem\[3\]\[14\],19.08
instance_1.mem\[1\]\[21\],19.06
instance_1.mem\[0\]\[32\],19.04
_1530_,19.02
instance_1.mem\[3\]\[7\],19.02
_1167_,18.98
net227,18.98
instance_0.rdata\[64\],18.96
_1134_,18.94
_1245_,18.94
instance_1.mem\[0\]\[1\],18.94
_0421_,18.885
net88,18.82
instance_1.mem\[0\]\[35\],18.8
instance_0.mem\[1\]\[51\],18.78
instance_0.mem\[2\]\[9\],18.765
instance_0.mem\[1\]\[50\],18.72
_1115_,18.68
rdata[24],18.67
instance_1.mem\[0\]\[59\],18.66
instance_0.mem\[1\]\[67\],18.62
instance_1.mem\[1\]\[37\],18.62
instance_0.mem\[2\]\[57\],18.6
instance_1.mem\[2\]\[51\],18.585
instance_0.mem\[0\]\[15\],18.56
instance_0.mem\[0\]\[26\],18.52
instance_1.mem\[0\]\[53\],18.52
instance_0.rdata\[21\],18.48
_1065_,18.46
_1300_,18.46
net94,18.44
instance_0.mem\[0\]\[14\],18.42
instance_0.mem\[0\]\[7\],18.42
net35,18.4
instance_1.mem\[2\]\[13\],18.38
_1136_,18.36
net77,18.36
instance_1.mem\[0\]\[15\],18.33
_0140_,18.3
instance_1.mem\[0\]\[71\],18.26
_1168_,18.24
instance_1.mem\[2\]\[34\],18.24
instance_1.mem\[2\]\[35\],18.2
instance_1.mem\[3\]\[6\],18.18
instance_1.rdata\[27\],18.18
_1462_,18.16
instance_0.mem\[2\]\[59\],18.155
instance_0.mem\[2\]\[8\],18.135
instance_1.mem\[2\]\[60\],18.065
instance_0.mem\[1\]\[47\],18.06
_1368_,18
_0810_,17.98
instance_1.mem\[0\]\[27\],17.98
instance_1.mem\[3\]\[15\],17.98
_0966_,17.94
instance_0.mem\[2\]\[47\],17.94
instance_1.mem\[0\]\[62\],17.94
instance_0.mem\[1\]\[20\],17.86
_1332_,17.84
instance_0.mem\[2\]\[69\],17.82
instance_1.mem\[1\]\[8\],17.82
instance_0.mem\[3\]\[2\],17.78
_1419_,17.76
instance_0.rdata\[0\],17.76
instance_0.rdata\[34\],17.76
instance_0.mem\[1\]\[18\],17.74
instance_0.mem\[3\]\[11\],17.74
instance_1.mem\[1\]\[36\],17.74
net98,17.7
instance_1.rdata\[9\],17.68
_0274_,17.665
instance_1.mem\[0\]\[33\],17.62
instance_1.mem\[1\]\[59\],17.62
instance_0.mem\[3\]\[37\],17.56
instance_0.mem\[0\]\[22\],17.54
instance_1.rdata\[32\],17.48
_0698_,17.405
instance_0.mem\[0\]\[64\],17.4
instance_0.mem\[2\]\[40\],17.4
instance_0.mem\[0\]\[49\],17.36
instance_0.mem\[1\]\[44\],17.24
rdata[19],17.21
instance_1.rdata\[7\],17.2
instance_0.mem\[0\]\[37\],17.16
instance_0.mem\[3\]\[18\],17.16
_1400_,17.14
_1438_,17.14
instance_1.mem\[1\]\[49\],17.14
wdata[25],17.13
instance_0.mem\[0\]\[19\],17.1
_1308_,17.06
_1409_,17.06
_1818_,17.06
instance_0.mem\[3\]\[50\],17.06
instance_0.rdata\[56\],17.06
net329,17.06
_1133_,17.02
_1283_,17.02
net424,16.98
instance_0.mem\[0\]\[31\],16.965
_1101_,16.94
instance_1.rdata\[70\],16.94
wdata[23],16.93
instance_0.mem\[0\]\[38\],16.92
instance_0.rdata\[18\],16.9
instance_1.mem\[2\]\[59\],16.865
instance_0.mem\[3\]\[43\],16.84
net386,16.82
instance_1.mem\[2\]\[36\],16.8
_1963_,16.76
net643,16.76
instance_1.mem\[1\]\[40\],16.74
instance_1.mem\[3\]\[21\],16.725
_1249_,16.72
_1397_,16.72
_1682_,16.72
instance_0.mem\[0\]\[25\],16.72
_1730_,16.7
instance_0.mem\[1\]\[27\],16.7
instance_0.mem\[0\]\[53\],16.68
instance_1.mem\[1\]\[71\],16.64
instance_0.mem\[2\]\[49\],16.625
instance_1.mem\[2\]\[47\],16.585
net228,16.585
instance_1.mem\[3\]\[3\],16.56
instance_1.mem\[3\]\[20\],16.53
_0200_,16.485
instance_0.mem\[0\]\[44\],16.46
instance_0.mem\[0\]\[20\],16.445
instance_0.mem\[3\]\[30\],16.44
instance_0.rdata\[54\],16.44
instance_0.mem\[1\]\[31\],16.4
instance_0.mem\[3\]\[0\],16.4
_0184_,16.38
_1428_,16.38
instance_0.mem\[2\]\[67\],16.36
net892,16.36
instance_0.rdata\[23\],16.34
instance_0.mem\[2\]\[45\],16.305
rdata[2],16.3
_1217_,16.26
_1966_,16.24
instance_0.mem\[3\]\[62\],16.24
_1451_,16.22
instance_0.mem\[1\]\[53\],16.22
instance_1.mem\[1\]\[3\],16.22
instance_0.mem\[0\]\[70\],16.2
instance_1.mem\[2\]\[64\],16.18
instance_1.mem\[2\]\[9\],16.18
instance_0.mem\[0\]\[50\],16.14
instance_0.mem\[2\]\[6\],16.125
instance_0.mem\[0\]\[55\],16.1
instance_1.mem\[2\]\[41\],16.1
instance_0.mem\[0\]\[46\],16.06
instance_1.rdata\[6\],16.06
instance_1.mem\[3\]\[68\],16.04
net868,16.04
instance_1.mem\[0\]\[0\],16.02
instance_1.mem\[3\]\[57\],16.02
instance_1.mem\[3\]\[50\],16
net379,15.96
instance_1.mem\[2\]\[5\],15.945
_1942_,15.92
instance_1.rdata\[29\],15.92
_0211_,15.88
instance_0.mem\[0\]\[63\],15.86
_1082_,15.84
instance_0.mem\[1\]\[16\],15.82
_0020_,15.815
instance_0.mem\[0\]\[34\],15.815
instance_1.mem\[0\]\[7\],15.8
instance_1.rdata\[25\],15.8
net211,15.8
_1023_,15.78
instance_0.mem\[3\]\[5\],15.78
instance_0.rdata\[17\],15.78
net688,15.78
instance_1.mem\[0\]\[22\],15.76
instance_1.mem\[3\]\[65\],15.76
instance_1.mem\[2\]\[65\],15.725
_0968_,15.72
_1068_,15.72
instance_0.mem\[1\]\[13\],15.72
_1391_,15.7
instance_1.mem\[1\]\[47\],15.7
instance_0.mem\[3\]\[45\],15.68
instance_1.mem\[1\]\[9\],15.68
instance_0.mem\[2\]\[50\],15.67
_0388_,15.665
instance_1.mem\[2\]\[0\],15.665
instance_1.mem\[3\]\[62\],15.64
instance_1.mem\[3\]\[63\],15.63
net509,15.62
net555,15.62
instance_0.mem\[1\]\[55\],15.6
instance_0.mem\[1\]\[45\],15.56
instance_1.mem\[3\]\[19\],15.56
instance_1.rdata\[5\],15.56
instance_1.mem\[2\]\[68\],15.54
instance_1.mem\[1\]\[30\],15.52
net87,15.5
instance_1.mem\[2\]\[46\],15.49
instance_0.mem\[0\]\[21\],15.48
instance_0.mem\[3\]\[54\],15.48
instance_0.mem\[0\]\[0\],15.44
instance_1.mem\[2\]\[66\],15.44
net323,15.42
_0129_,15.38
_1321_,15.38
_1566_,15.38
instance_0.mem\[1\]\[3\],15.34
instance_0.mem\[2\]\[21\],15.32
_1295_,15.3
_1485_,15.3
net203,15.3
_1259_,15.28
instance_0.mem\[1\]\[21\],15.28
instance_0.mem\[3\]\[4\],15.28
rdata[11],15.27
instance_1.mem\[2\]\[48\],15.26
_1393_,15.24
instance_0.mem\[3\]\[65\],15.24
instance_1.mem\[0\]\[47\],15.22
net185,15.22
_1479_,15.2
_1631_,15.2
_1126_,15.18
instance_1.rdata\[1\],15.18
wdata[26],15.15
_1175_,15.14
instance_0.rdata\[8\],15.14
_0156_,15.12
instance_0.mem\[0\]\[61\],15.12
_0316_,15.105
instance_1.mem\[2\]\[8\],15.105
instance_0.mem\[3\]\[24\],15.1
instance_1.rdata\[0\],15.1
instance_1.mem\[3\]\[45\],15.04
instance_0.mem\[2\]\[42\],14.98
instance_1.mem\[1\]\[58\],14.98
rdata[8],14.95
instance_0.mem\[2\]\[20\],14.94
_0416_,14.925
_1138_,14.92
_1154_,14.92
instance_1.mem\[1\]\[62\],14.92
_0276_,14.905
instance_0.mem\[1\]\[7\],14.9
instance_1.mem\[0\]\[31\],14.9
instance_1.mem\[0\]\[46\],14.9
instance_0.rdata\[70\],14.88
_1536_,14.86
instance_0.mem\[0\]\[4\],14.86
instance_1.mem\[0\]\[43\],14.86
_1398_,14.78
_1356_,14.76
_1507_,14.76
_1638_,14.76
instance_1.mem\[3\]\[25\],14.76
rdata[5],14.73
_1239_,14.72
instance_1.mem\[3\]\[69\],14.68
wdata[21],14.67
_1688_,14.64
instance_1.mem\[1\]\[1\],14.62
instance_0.mem\[1\]\[24\],14.6
instance_0.rdata\[69\],14.6
_0822_,14.58
_1280_,14.58
_1554_,14.54
_0291_,14.525
_0993_,14.5
rdata[35],14.44
net666,14.44
instance_1.mem\[2\]\[10\],14.425
instance_1.rdata\[50\],14.42
instance_1.rdata\[68\],14.42
instance_0.mem\[2\]\[61\],14.385
instance_0.mem\[0\]\[39\],14.36
net270,14.345
instance_0.mem\[3\]\[35\],14.34
instance_0.mem\[3\]\[59\],14.34
net913,14.34
_1095_,14.32
_1110_,14.32
instance_1.mem\[1\]\[16\],14.32
instance_1.mem\[0\]\[60\],14.3
instance_0.mem\[2\]\[66\],14.285
_1623_,14.28
instance_0.mem\[2\]\[29\],14.26
instance_1.mem\[3\]\[17\],14.26
instance_1.mem\[3\]\[47\],14.26
instance_1.rdata\[57\],14.26
net253,14.26
_0068_,14.22
_0056_,14.205
_1279_,14.2
rdata[20],14.19
_1306_,14.18
net492,14.18
net427,14.16
instance_1.rdata\[3\],14.14
_1341_,14.12
instance_0.mem\[2\]\[4\],14.12
instance_0.mem\[0\]\[42\],14.06
instance_0.mem\[0\]\[12\],14.04
instance_0.rdata\[28\],14.04
instance_0.mem\[2\]\[54\],14.03
_1459_,14.02
instance_0.mem\[1\]\[40\],14.02
instance_1.mem\[1\]\[67\],14.02
instance_1.rdata\[21\],14.02
_0507_,14.005
_1363_,14
_1380_,14
instance_1.mem\[0\]\[28\],14
instance_0.mem\[1\]\[69\],13.98
_0348_,13.965
_1487_,13.96
_1720_,13.96
net291,13.96
instance_0.mem\[3\]\[9\],13.94
instance_1.mem\[3\]\[64\],13.94
_0023_,13.9
_0215_,13.9
_1284_,13.88
_1901_,13.88
_1908_,13.88
instance_0.mem\[3\]\[55\],13.88
instance_1.rdata\[17\],13.88
instance_0.mem\[2\]\[32\],13.84
instance_1.mem\[3\]\[52\],13.84
instance_0.mem\[0\]\[17\],13.82
net629,13.82
instance_1.mem\[0\]\[39\],13.805
instance_0.mem\[1\]\[43\],13.8
_1150_,13.76
instance_0.mem\[2\]\[10\],13.76
instance_1.mem\[1\]\[65\],13.76
instance_1.mem\[3\]\[23\],13.76
instance_0.mem\[2\]\[64\],13.725
_1124_,13.72
_1862_,13.72
instance_0.mem\[3\]\[14\],13.72
instance_1.rdata\[18\],13.72
instance_0.mem\[1\]\[17\],13.68
instance_1.mem\[0\]\[18\],13.68
instance_0.mem\[1\]\[70\],13.66
net698,13.66
instance_0.mem\[2\]\[13\],13.64
instance_1.mem\[1\]\[38\],13.62
instance_1.mem\[2\]\[1\],13.61
instance_1.mem\[3\]\[46\],13.6
instance_1.rdata\[44\],13.6
_1870_,13.58
instance_1.mem\[3\]\[41\],13.58
instance_1.rdata\[63\],13.58
instance_1.mem\[2\]\[18\],13.57
instance_1.mem\[3\]\[0\],13.56
rdata[54],13.55
_1254_,13.54
_1458_,13.54
instance_0.rdata\[22\],13.54
instance_0.mem\[0\]\[56\],13.52
_0385_,13.515
_1549_,13.5
instance_0.rdata\[51\],13.5
_1376_,13.48
instance_1.mem\[2\]\[52\],13.48
_1220_,13.46
net299,13.46
instance_0.mem\[0\]\[40\],13.42
instance_0.mem\[0\]\[59\],13.42
instance_0.rdata\[29\],13.42
_1061_,13.4
_1600_,13.4
instance_0.mem\[1\]\[71\],13.38
instance_0.mem\[2\]\[7\],13.38
_1483_,13.36
_1630_,13.34
net580,13.32
instance_0.mem\[2\]\[44\],13.305
_1314_,13.28
instance_1.mem\[0\]\[41\],13.265
net220,13.265
_1460_,13.26
_0857_,13.24
instance_1.mem\[1\]\[57\],13.24
rdata[23],13.23
net301,13.22
_1004_,13.2
instance_0.mem\[0\]\[36\],13.185
instance_0.mem\[3\]\[52\],13.18
net538,13.18
net771,13.18
_1387_,13.16
instance_1.mem\[2\]\[45\],13.16
instance_1.mem\[2\]\[69\],13.15
instance_1.mem\[1\]\[23\],13.14
_1141_,13.12
_1054_,13.1
_1439_,13.1
rdata[70],13.1
instance_1.mem\[2\]\[15\],13.085
_1128_,13.08
_1496_,13.08
instance_0.rdata\[67\],13.08
rdata[39],13.08
net349,13.08
instance_1.mem\[0\]\[24\],13.06
_1982_,13.04
instance_1.mem\[1\]\[26\],13.04
instance_1.mem\[3\]\[5\],13.03
instance_1.mem\[3\]\[55\],13.02
rdata[69],13.02
_1597_,13
_2024_,13
instance_1.mem\[0\]\[68\],13
instance_1.mem\[0\]\[49\],12.98
_0130_,12.96
_1058_,12.96
_1461_,12.96
instance_1.mem\[3\]\[44\],12.96
net239,12.96
net922,12.96
instance_0.mem\[0\]\[32\],12.945
net639,12.94
instance_1.mem\[0\]\[63\],12.92
instance_1.rdata\[54\],12.92
_1532_,12.9
instance_1.mem\[0\]\[30\],12.9
instance_1.mem\[2\]\[24\],12.9
instance_1.mem\[2\]\[70\],12.9
instance_0.rdata\[3\],12.88
instance_1.mem\[1\]\[46\],12.88
_1427_,12.86
instance_0.mem\[1\]\[36\],12.86
net654,12.86
net769,12.86
_1915_,12.84
instance_1.mem\[1\]\[4\],12.84
net313,12.84
net752,12.84
net632,12.82
net977,12.82
_0738_,12.8
instance_0.mem\[0\]\[43\],12.8
instance_0.mem\[3\]\[70\],12.8
instance_0.mem\[0\]\[33\],12.78
instance_1.mem\[0\]\[2\],12.78
instance_0.mem\[1\]\[12\],12.76
instance_0.mem\[1\]\[56\],12.76
instance_0.mem\[3\]\[6\],12.74
instance_0.mem\[3\]\[34\],12.72
instance_1.mem\[3\]\[31\],12.72
_1336_,12.7
_1949_,12.7
net209,12.7
_0354_,12.685
_1112_,12.68
net615,12.68
_1237_,12.66
_1537_,12.66
instance_1.mem\[2\]\[28\],12.65
instance_1.rdata\[46\],12.63
_0188_,12.62
_1898_,12.62
instance_0.mem\[3\]\[31\],12.62
net924,12.62
_0536_,12.605
instance_1.mem\[0\]\[48\],12.6
net367,12.58
_0805_,12.56
_1413_,12.56
instance_1.mem\[2\]\[37\],12.56
instance_1.rdata\[12\],12.54
_0091_,12.505
instance_0.mem\[3\]\[42\],12.5
_1783_,12.48
_1811_,12.48
_0530_,12.465
instance_1.mem\[0\]\[34\],12.445
_0553_,12.435
_0428_,12.425
_1753_,12.42
instance_0.mem\[0\]\[45\],12.42
_1384_,12.4
rdata[18],12.39
_1423_,12.38
_1858_,12.38
instance_0.mem\[3\]\[39\],12.38
net825,12.38
instance_0.mem\[2\]\[68\],12.375
net976,12.36
instance_0.mem\[1\]\[6\],12.34
instance_0.mem\[1\]\[5\],12.32
_1277_,12.3
instance_0.rdata\[39\],12.3
_0208_,12.28
net600,12.28
instance_1.mem\[2\]\[40\],12.26
_0449_,12.225
_0568_,12.225
net547,12.22
_1755_,12.2
instance_1.mem\[0\]\[52\],12.2
instance_1.rdata\[2\],12.2
instance_1.mem\[0\]\[45\],12.185
_1145_,12.18
instance_1.mem\[0\]\[8\],12.18
instance_1.mem\[3\]\[51\],12.18
net822,12.18
_0220_,12.16
_0863_,12.16
_1264_,12.16
_1716_,12.14
net281,12.12
_0305_,12.105
instance_0.mem\[2\]\[1\],12.105
instance_1.mem\[0\]\[12\],12.1
net166,12.085
instance_1.mem\[2\]\[16\],12.06
instance_1.mem\[3\]\[8\],12.06
net255,12.06
_1545_,12.04
instance_0.mem\[1\]\[32\],12.04
instance_0.mem\[1\]\[61\],12.04
instance_1.mem\[1\]\[22\],12.04
net219,12.04
net960,12.04
_0376_,12.025
_0983_,12.02
instance_0.mem\[3\]\[49\],12
instance_1.mem\[3\]\[1\],12
_0450_,11.985
_1267_,11.98
_0114_,11.96
instance_0.mem\[2\]\[48\],11.96
instance_1.rdata\[33\],11.96
net418,11.96
_1273_,11.94
rdata[3],11.94
net663,11.94
instance_1.mem\[2\]\[67\],11.905
instance_1.mem\[2\]\[62\],11.885
_1501_,11.88
instance_1.mem\[0\]\[16\],11.88
instance_1.mem\[1\]\[54\],11.88
_1435_,11.82
instance_1.mem\[1\]\[19\],11.8
instance_1.mem\[1\]\[70\],11.8
net797,11.8
_0171_,11.78
_1181_,11.78
instance_0.mem\[0\]\[51\],11.78
instance_1.rdata\[31\],11.78
net275,11.78
_2009_,11.74
instance_0.rdata\[62\],11.74
instance_0.mem\[2\]\[30\],11.73
instance_0.mem\[3\]\[40\],11.72
instance_0.rdata\[40\],11.72
instance_1.mem\[2\]\[7\],11.72
instance_1.mem\[3\]\[24\],11.72
_0942_,11.7
_1905_,11.7
instance_1.rdata\[62\],11.7
net157,11.7
_1022_,11.68
net485,11.68
_1194_,11.66
_0824_,11.64
_0887_,11.64
_1348_,11.64
instance_0.mem\[3\]\[33\],11.64
net805,11.64
_0204_,11.625
instance_1.mem\[3\]\[26\],11.62
_0691_,11.6
instance_0.mem\[2\]\[60\],11.585
_1489_,11.58
net319,11.58
_1475_,11.56
instance_1.mem\[3\]\[48\],11.56
_1197_,11.54
instance_0.mem\[1\]\[63\],11.54
instance_1.mem\[1\]\[11\],11.54
_0120_,11.505
_1081_,11.5
_1399_,11.5
instance_1.mem\[1\]\[53\],11.5
instance_1.mem\[0\]\[20\],11.495
_0364_,11.485
_1544_,11.48
_1697_,11.48
_1972_,11.48
net496,11.48
instance_1.mem\[2\]\[54\],11.465
instance_1.mem\[0\]\[3\],11.46
instance_1.mem\[2\]\[42\],11.46
net711,11.46
instance_1.mem\[2\]\[2\],11.44
rdata[56],11.43
instance_0.rdata\[47\],11.42
instance_1.mem\[1\]\[18\],11.42
net159,11.42
address[1],11.41
_0389_,11.405
instance_1.mem\[2\]\[63\],11.39
instance_1.mem\[2\]\[30\],11.385
_0150_,11.38
instance_0.mem\[0\]\[28\],11.38
instance_0.mem\[0\]\[58\],11.38
instance_0.mem\[2\]\[62\],11.38
_0007_,11.365
instance_1.mem\[0\]\[57\],11.36
instance_1.rdata\[53\],11.36
rdata[4],11.36
instance_1.mem\[1\]\[5\],11.34
instance_1.mem\[3\]\[42\],11.32
instance_1.mem\[3\]\[56\],11.32
net911,11.32
_0528_,11.285
net256,11.285
_0974_,11.28
_1758_,11.28
instance_1.mem\[3\]\[22\],11.28
instance_1.rdata\[34\],11.28
net265,11.28
_0972_,11.26
_1261_,11.26
instance_0.mem\[2\]\[23\],11.26
instance_1.mem\[2\]\[20\],11.26
rdata[0],11.26
rdata[34],11.26
rdata[41],11.26
rdata[63],11.26
rdata[65],11.26
_0292_,11.245
_0213_,11.24
_0814_,11.24
_1118_,11.24
_1318_,11.24
_1359_,11.24
instance_0.mem\[0\]\[18\],11.22
instance_1.mem\[3\]\[39\],11.22
rdata[47],11.22
_0115_,11.2
_0218_,11.2
_1965_,11.2
net197,11.2
_1121_,11.18
_0004_,11.16
_0718_,11.16
_1754_,11.16
instance_0.mem\[1\]\[26\],11.16
instance_0.mem\[3\]\[57\],11.16
_1224_,11.12
_1517_,11.12
_1522_,11.12
_1571_,11.12
instance_0.mem\[2\]\[52\],11.12
net889,11.12
instance_0.mem\[0\]\[54\],11.1
net541,11.1
instance_1.mem\[3\]\[60\],11.08
wdata[56],11.07
_0067_,11.065
instance_0.rdata\[4\],11.06
_1343_,11.04
instance_1.mem\[1\]\[34\],11.04
instance_1.mem\[3\]\[28\],11.04
instance_1.rdata\[43\],11.04
_0622_,11.025
wdata[34],11.02
net420,11.02
_1158_,11
instance_0.mem\[0\]\[52\],11
instance_0.mem\[1\]\[48\],11
_0670_,10.985
instance_1.mem\[0\]\[56\],10.98
_1471_,10.96
instance_0.rdata\[19\],10.96
instance_1.mem\[1\]\[43\],10.96
instance_1.mem\[1\]\[63\],10.96
net243,10.96
instance_0.mem\[3\]\[8\],10.94
instance_1.mem\[0\]\[50\],10.92
net235,10.92
net414,10.92
net448,10.92
wdata[54],10.91
_0352_,10.905
_0361_,10.905
instance_0.mem\[1\]\[2\],10.88
instance_0.mem\[2\]\[36\],10.88
instance_1.mem\[1\]\[2\],10.88
instance_1.mem\[3\]\[4\],10.88
_1546_,10.86
instance_0.rdata\[48\],10.86
instance_1.mem\[2\]\[25\],10.86
instance_1.rdata\[16\],10.86
_0072_,10.84
instance_0.mem\[1\]\[59\],10.84
instance_1.mem\[0\]\[55\],10.84
instance_1.mem\[0\]\[19\],10.835
_0701_,10.825
_1932_,10.82
instance_0.rdata\[43\],10.82
instance_0.rdata\[6\],10.82
_0189_,10.8
_1473_,10.8
instance_0.mem\[2\]\[25\],10.8
instance_1.mem\[3\]\[13\],10.8
instance_0.mem\[3\]\[56\],10.79
_1155_,10.78
_1557_,10.78
net261,10.78
net620,10.78
net954,10.78
instance_1.mem\[1\]\[50\],10.76
_0272_,10.745
instance_1.mem\[0\]\[4\],10.74
instance_1.mem\[1\]\[29\],10.74
net628,10.74
wdata[14],10.73
_1256_,10.7
_1611_,10.7
instance_1.mem\[0\]\[66\],10.7
_1013_,10.68
instance_0.rdata\[20\],10.68
net962,10.68
_1424_,10.66
_1819_,10.66
_2041_,10.66
_0088_,10.64
instance_1.mem\[0\]\[5\],10.64
net14,10.64
_0903_,10.62
instance_1.mem\[1\]\[14\],10.62
instance_1.rdata\[69\],10.62
net708,10.62
instance_0.mem\[3\]\[29\],10.595
instance_0.mem\[0\]\[30\],10.58
instance_0.mem\[1\]\[35\],10.58
instance_1.mem\[2\]\[23\],10.565
_0901_,10.56
_1415_,10.56
_1596_,10.56
_1702_,10.56
instance_1.mem\[1\]\[60\],10.56
wdata[40],10.56
_0282_,10.555
instance_0.mem\[0\]\[69\],10.54
instance_0.mem\[3\]\[61\],10.54
net343,10.54
net638,10.54
net966,10.54
instance_0.mem\[0\]\[5\],10.52
_1494_,10.5
instance_1.mem\[1\]\[10\],10.5
instance_1.mem\[3\]\[36\],10.5
instance_1.mem\[3\]\[53\],10.5
instance_1.mem\[2\]\[71\],10.485
instance_0.mem\[3\]\[12\],10.48
_0271_,10.475
instance_0.mem\[0\]\[24\],10.46
instance_0.mem\[2\]\[71\],10.46
instance_0.mem\[3\]\[68\],10.46
_1643_,10.44
net646,10.44
instance_1.mem\[2\]\[58\],10.42
_0946_,10.4
_1775_,10.4
instance_0.mem\[3\]\[25\],10.4
net661,10.4
_0703_,10.385
instance_0.rdata\[65\],10.38
_0261_,10.365
_0191_,10.36
_0749_,10.36
_0990_,10.36
instance_0.mem\[2\]\[17\],10.36
instance_1.mem\[2\]\[17\],10.36
net804,10.36
_0745_,10.34
_1531_,10.34
_1911_,10.34
_1945_,10.34
instance_0.rdata\[26\],10.34
rdata[1],10.34
rdata[32],10.34
net689,10.34
_1152_,10.32
_1159_,10.32
_1164_,10.32
_1185_,10.32
_1416_,10.32
_1482_,10.32
_1641_,10.32
_1523_,10.28
_1467_,10.26
net701,10.26
_1223_,10.24
instance_1.rdata\[55\],10.24
_0499_,10.22
net956,10.22
_0951_,10.2
_0985_,10.2
instance_0.mem\[0\]\[71\],10.185
_0874_,10.18
instance_0.mem\[1\]\[29\],10.18
net641,10.18
net801,10.16
_1492_,10.14
_1660_,10.14
net236,10.125
instance_1.rdata\[52\],10.12
_0295_,10.105
_0918_,10.1
_1748_,10.1
_1992_,10.1
instance_0.mem\[0\]\[11\],10.085
instance_0.mem\[3\]\[28\],10.08
instance_0.mem\[2\]\[37\],10.06
_0512_,10.045
instance_0.mem\[3\]\[60\],10.04
instance_0.rdata\[63\],10.04
instance_1.mem\[1\]\[48\],10.04
instance_1.mem\[2\]\[4\],10.04
instance_1.rdata\[38\],10.04
_0250_,10
_1445_,10
net942,10
_0205_,9.98
_0872_,9.98
_1865_,9.98
_1980_,9.98
_2014_,9.98
instance_0.mem\[2\]\[43\],9.965
instance_1.mem\[1\]\[55\],9.965
_1639_,9.96
_0599_,9.945
instance_0.mem\[0\]\[1\],9.94
_0128_,9.925
instance_1.mem\[2\]\[3\],9.915
_0025_,9.905
_0630_,9.905
_0143_,9.9
_0203_,9.9
_0207_,9.9
_1654_,9.9
_1878_,9.9
instance_0.rdata\[25\],9.9
_1201_,9.88
_1845_,9.88
net438,9.88
_0955_,9.86
_0982_,9.86
_1538_,9.86
_1805_,9.86
_1880_,9.86
instance_1.rdata\[48\],9.86
net517,9.86
net824,9.86
_0715_,9.845
instance_0.mem\[2\]\[33\],9.84
instance_0.mem\[3\]\[66\],9.84
_0492_,9.825
_0970_,9.82
_1160_,9.82
_1324_,9.82
instance_0.rdata\[32\],9.82
instance_1.mem\[1\]\[39\],9.82
instance_1.mem\[1\]\[41\],9.82
instance_1.mem\[2\]\[19\],9.82
_1214_,9.78
_1330_,9.78
instance_1.rdata\[36\],9.78
_1378_,9.76
_1539_,9.76
net941,9.76
instance_0.rdata\[53\],9.74
_0521_,9.7
instance_1.mem\[1\]\[15\],9.7
instance_1.mem\[1\]\[31\],9.7
net896,9.7
_1084_,9.68
_1617_,9.68
net421,9.68
net549,9.68
net885,9.68
_1457_,9.66
_2036_,9.66
instance_0.rdata\[2\],9.66
instance_1.mem\[3\]\[10\],9.66
net434,9.66
_1323_,9.64
wdata[62],9.64
_1902_,9.62
instance_0.mem\[3\]\[63\],9.62
net295,9.62
net461,9.6
_1035_,9.58
instance_1.mem\[2\]\[6\],9.57
net374,9.56
_0529_,9.545
instance_1.mem\[0\]\[58\],9.535
_1449_,9.52
net591,9.52
instance_0.mem\[3\]\[7\],9.5
instance_1.mem\[3\]\[12\],9.5
_1624_,9.48
_1944_,9.48
_2015_,9.48
net687,9.48
instance_0.mem\[3\]\[58\],9.465
instance_0.rdata\[10\],9.46
_0024_,9.445
_0196_,9.445
_0881_,9.44
_1143_,9.44
_1499_,9.44
_2008_,9.44
instance_0.rdata\[37\],9.44
_1304_,9.42
_1602_,9.42
_1769_,9.42
_0394_,9.405
net212,9.405
_1529_,9.4
_1817_,9.4
_1871_,9.4
_2001_,9.4
instance_0.mem\[1\]\[9\],9.4
instance_0.rdata\[35\],9.4
instance_0.rdata\[44\],9.4
_0454_,9.385
instance_0.mem\[1\]\[60\],9.38
net633,9.38
_0846_,9.36
instance_0.mem\[0\]\[2\],9.36
instance_0.mem\[1\]\[11\],9.36
instance_0.rdata\[58\],9.36
instance_1.mem\[1\]\[45\],9.36
_1612_,9.34
_0820_,9.32
_1020_,9.32
_1521_,9.32
instance_1.mem\[3\]\[71\],9.32
net812,9.32
net917,9.3
_0467_,9.285
_1798_,9.28
_1876_,9.28
_1515_,9.26
net716,9.26
_0474_,9.245
instance_0.mem\[2\]\[3\],9.245
_0133_,9.24
instance_1.mem\[0\]\[40\],9.24
instance_0.mem\[1\]\[0\],9.22
net537,9.22
net594,9.22
net734,9.22
rdata[15],9.21
rdata[16],9.21
net221,9.2
_1105_,9.18
wdata[32],9.18
wdata[69],9.18
net856,9.18
net894,9.18
_1232_,9.16
_0816_,9.14
net860,9.14
_0199_,9.12
instance_0.mem\[2\]\[56\],9.12
instance_0.rdata\[68\],9.12
net853,9.1
_0308_,9.085
_0244_,9.08
instance_0.mem\[0\]\[48\],9.08
net249,9.08
_0228_,9.06
_1049_,9.06
instance_1.rdata\[11\],9.06
net357,9.06
wdata[55],9.05
_0293_,9.045
_1130_,9.04
_1212_,9.04
_0152_,9.02
_0727_,9.02
instance_1.mem\[1\]\[69\],9.02
instance_1.rdata\[19\],9.02
instance_1.rdata\[35\],9.02
_0419_,8.985
_1312_,8.98
_1444_,8.98
_2021_,8.98
instance_0.rdata\[52\],8.98
instance_1.mem\[0\]\[69\],8.98
instance_1.mem\[2\]\[39\],8.98
net426,8.98
rdata[31],8.96
rdata[36],8.96
rdata[40],8.96
rdata[43],8.96
rdata[45],8.96
_0566_,8.945
_0576_,8.945
_1163_,8.94
_1727_,8.94
_1810_,8.94
net737,8.94
wdata[11],8.93
_1238_,8.92
instance_0.mem\[1\]\[22\],8.92
_0061_,8.905
_0229_,8.9
_1255_,8.9
_1328_,8.9
instance_0.mem\[0\]\[68\],8.9
net317,8.9
net712,8.9
net785,8.9
_0840_,8.86
_1157_,8.86
_1250_,8.86
_1282_,8.86
_1472_,8.86
_1514_,8.86
_1740_,8.86
_1981_,8.86
_2010_,8.86
net480,8.86
instance_0.mem\[0\]\[57\],8.84
instance_0.mem\[2\]\[41\],8.84
net923,8.84
_1974_,8.82
instance_0.mem\[0\]\[8\],8.82
instance_1.mem\[2\]\[56\],8.82
instance_1.mem\[3\]\[18\],8.82
instance_1.mem\[3\]\[29\],8.82
_0052_,8.8
instance_0.mem\[0\]\[66\],8.8
net820,8.8
net948,8.8
_0355_,8.785
_0671_,8.785
instance_0.rdata\[45\],8.78
instance_1.mem\[0\]\[21\],8.78
instance_1.rdata\[65\],8.76
net430,8.76
_0003_,8.725
_0214_,8.725
_0420_,8.725
_0100_,8.72
_0659_,8.72
wdata[10],8.72
wdata[28],8.72
wdata[30],8.72
wdata[31],8.72
wdata[33],8.72
wdata[35],8.72
wdata[36],8.72
wdata[37],8.72
wdata[38],8.72
wdata[42],8.72
wdata[43],8.72
wdata[47],8.72
wdata[63],8.72
wdata[65],8.72
wdata[66],8.72
wdata[67],8.72
wdata[6],8.72
wdata[70],8.72
wdata[71],8.72
wdata[7],8.72
wdata[9],8.72
instance_1.rdata\[71\],8.7
net462,8.7
net731,8.7
_0431_,8.665
instance_0.mem\[0\]\[47\],8.66
_0117_,8.6
_1421_,8.6
_1434_,8.6
_1658_,8.6
instance_0.mem\[1\]\[57\],8.6
net577,8.6
_0711_,8.585
_0224_,8.58
_1685_,8.58
net714,8.58
net729,8.58
_1299_,8.56
_1698_,8.56
instance_1.rdata\[45\],8.56
net474,8.56
instance_1.mem\[0\]\[67\],8.54
_0379_,8.525
_0145_,8.52
_0782_,8.52
_0885_,8.52
_0923_,8.52
_1352_,8.52
_1481_,8.52
_1607_,8.52
_1615_,8.52
_1863_,8.52
_1935_,8.52
instance_1.mem\[3\]\[32\],8.5
rdata[28],8.5
rdata[30],8.5
rdata[33],8.5
rdata[38],8.5
rdata[42],8.5
net285,8.5
net188,8.485
_0883_,8.48
_1313_,8.48
_1710_,8.48
instance_1.mem\[1\]\[12\],8.48
net753,8.48
instance_1.mem\[2\]\[29\],8.46
_0933_,8.44
_1170_,8.44
_1271_,8.44
_1709_,8.44
instance_0.mem\[3\]\[16\],8.44
instance_1.mem\[0\]\[54\],8.44
net519,8.44
instance_0.rdata\[9\],8.42
instance_1.mem\[0\]\[64\],8.42
_0778_,8.4
_0879_,8.4
_0975_,8.4
_1412_,8.4
_1772_,8.4
net507,8.4
net332,8.38
net682,8.38
_1777_,8.36
_0648_,8.34
instance_0.rdata\[71\],8.34
instance_1.mem\[1\]\[0\],8.34
net764,8.34
_0107_,8.335
_0613_,8.325
_1886_,8.32
instance_1.mem\[0\]\[65\],8.32
_0367_,8.3
instance_1.mem\[0\]\[42\],8.3
net891,8.3
net933,8.3
net396,8.28
net818,8.28
_0249_,8.265
_0043_,8.26
wdata[68],8.26
_0387_,8.24
instance_1.mem\[3\]\[38\],8.24
instance_1.mem\[0\]\[37\],8.22
_0076_,8.2
_1647_,8.2
net821,8.2
net903,8.2
net613,8.18
_0180_,8.16
_0377_,8.155
_0675_,8.155
_0704_,8.155
_0197_,8.14
_0788_,8.14
_0991_,8.14
_1226_,8.14
_1847_,8.14
instance_0.rdata\[41\],8.14
net631,8.14
instance_0.mem\[1\]\[66\],8.135
instance_0.mem\[0\]\[41\],8.12
instance_0.mem\[1\]\[33\],8.12
_0185_,8.1
_0742_,8.1
_1463_,8.1
_1987_,8.1
instance_0.rdata\[57\],8.1
instance_1.mem\[3\]\[59\],8.1
instance_1.mem\[3\]\[67\],8.1
instance_1.rdata\[39\],8.1
instance_1.rdata\[67\],8.1
net978,8.1
instance_0.mem\[2\]\[0\],8.08
rdata[55],8.07
_0451_,8.065
_0697_,8.065
_0753_,8.06
_0978_,8.06
_0997_,8.06
_1176_,8.06
_1333_,8.06
_1738_,8.06
_2017_,8.06
net155,8.06
_0959_,8.04
_1338_,8.04
rdata[37],8.04
rdata[46],8.04
net82,8.04
_0013_,8.035
_0094_,8.025
_0567_,8.025
_0897_,8.02
_1443_,8.02
net670,8.02
wdata[57],8.01
_0151_,8
instance_1.mem\[2\]\[21\],8
_0169_,7.985
_0307_,7.985
net356,7.985
_0899_,7.98
_1132_,7.98
_1550_,7.98
_1877_,7.98
instance_1.mem\[3\]\[35\],7.98
net446,7.98
net727,7.98
instance_1.mem\[0\]\[17\],7.975
_1404_,7.94
_1477_,7.94
_1604_,7.94
_1724_,7.94
instance_1.mem\[1\]\[25\],7.94
net407,7.94
net472,7.94
net685,7.94
_0374_,7.905
_1257_,7.9
_1322_,7.9
_1442_,7.9
instance_1.mem\[2\]\[57\],7.9
_1469_,7.88
instance_1.rdata\[28\],7.88
net442,7.88
net738,7.88
net909,7.88
instance_1.mem\[0\]\[26\],7.865
instance_1.rdata\[37\],7.86
net195,7.86
instance_0.mem\[0\]\[62\],7.84
net542,7.84
net395,7.82
_0414_,7.815
_0649_,7.815
_0073_,7.805
_0303_,7.805
_0619_,7.805
net522,7.8
instance_0.rdata\[16\],7.78
_0059_,7.765
_0638_,7.765
instance_0.mem\[1\]\[15\],7.76
_0663_,7.745
instance_0.rdata\[38\],7.74
_0573_,7.7
net622,7.7
_0353_,7.695
_0783_,7.68
_0893_,7.68
_0977_,7.68
_1687_,7.68
_1782_,7.68
_0831_,7.66
instance_0.mem\[0\]\[29\],7.66
instance_1.mem\[0\]\[11\],7.66
_0158_,7.64
_1436_,7.64
_1520_,7.64
_1616_,7.64
_1699_,7.64
_1885_,7.64
instance_0.mem\[0\]\[10\],7.64
instance_1.rdata\[64\],7.64
net416,7.64
net850,7.64
net937,7.64
_0627_,7.625
_0030_,7.605
_0051_,7.605
_0232_,7.605
_0135_,7.6
_1021_,7.6
_1079_,7.6
_1139_,7.6
_1195_,7.6
_1502_,7.6
_2043_,7.6
net637,7.6
_1142_,7.58
_1345_,7.58
_2022_,7.58
_2037_,7.58
instance_1.mem\[1\]\[44\],7.58
instance_1.mem\[3\]\[66\],7.58
rdata[10],7.58
rdata[48],7.58
rdata[62],7.58
rdata[66],7.58
rdata[67],7.58
rdata[6],7.58
rdata[71],7.58
rdata[7],7.58
_0297_,7.565
_0504_,7.565
_0569_,7.565
_0602_,7.565
net160,7.565
_0861_,7.56
_0986_,7.56
_1222_,7.56
_1626_,7.56
_1646_,7.56
_1815_,7.56
_1894_,7.56
instance_0.mem\[1\]\[34\],7.56
instance_0.mem\[1\]\[37\],7.56
net511,7.56
_0278_,7.54
instance_0.mem\[2\]\[51\],7.54
instance_0.mem\[2\]\[58\],7.54
instance_0.mem\[3\]\[32\],7.54
_0665_,7.525
_0746_,7.52
_0842_,7.52
_1011_,7.52
_1117_,7.52
_1281_,7.52
_1666_,7.52
_2028_,7.52
instance_1.mem\[2\]\[33\],7.52
instance_1.rdata\[47\],7.52
_1680_,7.5
instance_0.mem\[2\]\[34\],7.5
_1342_,7.48
_1379_,7.48
net627,7.48
_0104_,7.475
_0532_,7.465
net158,7.465
_0050_,7.46
_0160_,7.46
instance_1.mem\[3\]\[9\],7.46
net539,7.46
net655,7.46
net669,7.46
_0264_,7.445
net567,7.44
_0369_,7.42
_0479_,7.42
_1995_,7.42
_2030_,7.42
instance_0.mem\[2\]\[65\],7.405
instance_0.mem\[3\]\[20\],7.4
_0259_,7.385
_0683_,7.385
instance_1.rdata\[8\],7.38
net443,7.38
net657,7.38
net964,7.38
net967,7.38
_0236_,7.36
_0366_,7.355
_0403_,7.355
net242,7.355
_0256_,7.32
instance_1.mem\[3\]\[54\],7.32
net363,7.32
net503,7.32
_0596_,7.305
_0688_,7.305
net276,7.305
instance_0.mem\[1\]\[52\],7.3
instance_0.rdata\[5\],7.3
net777,7.3
_0330_,7.285
_0640_,7.285
_0791_,7.28
instance_0.mem\[1\]\[58\],7.28
instance_0.mem\[3\]\[36\],7.28
instance_0.rdata\[24\],7.28
instance_1.mem\[2\]\[32\],7.28
_0460_,7.265
_0480_,7.245
_0119_,7.24
_0142_,7.24
net574,7.24
net298,7.225
_0811_,7.22
_1014_,7.22
_1234_,7.22
_1633_,7.22
_1657_,7.22
instance_0.rdata\[46\],7.22
instance_1.rdata\[24\],7.22
net890,7.22
instance_0.mem\[2\]\[18\],7.2
instance_0.mem\[3\]\[23\],7.2
instance_1.mem\[3\]\[40\],7.2
net322,7.185
_0234_,7.18
_0241_,7.18
_0964_,7.18
_1258_,7.18
_1275_,7.18
_1406_,7.18
_1527_,7.18
_1594_,7.18
_1668_,7.18
_1765_,7.18
instance_0.rdata\[49\],7.18
instance_1.rdata\[58\],7.18
net245,7.18
instance_1.mem\[0\]\[9\],7.155
_0039_,7.145
net244,7.145
_0979_,7.14
_1422_,7.14
_1518_,7.14
_1879_,7.14
instance_1.mem\[3\]\[2\],7.12
_0322_,7.105
_0342_,7.105
_0962_,7.1
_1019_,7.1
_1208_,7.1
_1828_,7.1
_1998_,7.1
instance_0.mem\[2\]\[31\],7.1
instance_1.mem\[1\]\[52\],7.1
net382,7.1
net491,7.1
net512,7.1
net902,7.1
instance_1.mem\[3\]\[27\],7.085
_1852_,7.08
_1044_,7.06
_1204_,7.06
_1542_,7.06
_1659_,7.06
_1756_,7.06
_1888_,7.06
_1967_,7.06
instance_0.rdata\[36\],7.06
instance_1.mem\[0\]\[70\],7.06
net361,7.06
net408,7.06
net635,7.06
net650,7.06
_1608_,7.04
_0485_,7.015
net786,7
net873,7
net884,7
_1286_,6.995
wdata[51],6.99
net330,6.985
_1003_,6.98
_1895_,6.98
net722,6.98
_0281_,6.96
_1831_,6.96
net949,6.96
_0500_,6.915
_0481_,6.9
net552,6.9
net936,6.9
instance_1.mem\[0\]\[61\],6.89
net184,6.885
net324,6.885
net368,6.885
net91,6.88
net876,6.88
instance_0.mem\[0\]\[65\],6.86
instance_0.mem\[0\]\[67\],6.86
instance_0.rdata\[60\],6.86
net365,6.86
net568,6.86
net456,6.84
_0381_,6.825
_1198_,6.82
net288,6.795
net483,6.78
net647,6.78
rdata[49],6.77
_0402_,6.765
_0876_,6.76
_1683_,6.76
_1713_,6.76
_1872_,6.76
_1955_,6.76
net169,6.76
net565,6.76
_0317_,6.745
_0134_,6.74
_1575_,6.74
_0456_,6.725
_0741_,6.72
_1074_,6.72
_1178_,6.72
_1504_,6.72
_1563_,6.72
_1788_,6.72
_2003_,6.72
instance_0.mem\[0\]\[60\],6.72
instance_1.rdata\[10\],6.72
net199,6.72
net385,6.72
net848,6.72
net863,6.72
net974,6.72
_0075_,6.705
_0575_,6.705
_0636_,6.705
net336,6.705
_0049_,6.685
_1007_,6.66
_1582_,6.66
_1771_,6.66
_2020_,6.66
_1188_,6.64
_1476_,6.64
instance_0.mem\[1\]\[10\],6.64
instance_1.mem\[2\]\[50\],6.64
net473,6.64
net561,6.64
_0029_,6.625
_0936_,6.6
_1228_,6.6
_1586_,6.6
_1591_,6.6
_1861_,6.6
_1934_,6.6
net311,6.6
net569,6.6
net584,6.6
net610,6.6
net707,6.6
net747,6.6
_0395_,6.585
net194,6.565
_0495_,6.54
_0564_,6.54
instance_0.mem\[1\]\[25\],6.54
net494,6.54
_1629_,6.52
_1704_,6.52
instance_0.mem\[0\]\[13\],6.52
instance_0.mem\[2\]\[11\],6.52
instance_1.rdata\[42\],6.52
_0582_,6.5
net560,6.5
net640,6.5
net788,6.5
net198,6.485
net326,6.485
_1246_,6.48
net546,6.48
_0626_,6.465
net453,6.44
_0045_,6.425
net348,6.425
net226,6.42
_0060_,6.405
instance_0.mem\[2\]\[55\],6.405
instance_0.mem\[1\]\[46\],6.4
instance_0.rdata\[61\],6.4
instance_1.mem\[1\]\[68\],6.4
net636,6.38
_0258_,6.365
_0273_,6.365
_0430_,6.365
_0614_,6.365
_0631_,6.365
instance_0.mem\[2\]\[35\],6.365
wdata[27],6.31
wdata[52],6.31
_0121_,6.3
_0162_,6.3
_1535_,6.3
_1559_,6.3
_1770_,6.3
_1804_,6.3
_1806_,6.3
_1929_,6.3
instance_1.mem\[0\]\[36\],6.3
net163,6.3
net341,6.3
_0661_,6.285
_1395_,6.28
_2034_,6.28
instance_0.mem\[1\]\[68\],6.28
instance_0.mem\[3\]\[21\],6.28
_0332_,6.265
_0844_,6.26
_1207_,6.26
_1370_,6.26
_1564_,6.26
_1696_,6.26
_1747_,6.26
_1887_,6.26
instance_0.mem\[2\]\[24\],6.26
instance_1.mem\[1\]\[56\],6.26
instance_1.rdata\[30\],6.26
net241,6.26
net534,6.26
_0363_,6.225
_0587_,6.225
_0618_,6.225
net457,6.22
_1045_,6.2
_1097_,6.2
_1820_,6.2
_0360_,6.185
_0478_,6.185
_0508_,6.185
_0206_,6.18
_0219_,6.18
_1116_,6.18
_1247_,6.18
_1588_,6.18
_1601_,6.18
_1797_,6.18
_1832_,6.18
_1857_,6.18
_1884_,6.18
instance_0.mem\[1\]\[65\],6.18
instance_1.mem\[3\]\[30\],6.18
net315,6.18
net415,6.18
net518,6.18
net583,6.18
net612,6.18
net733,6.18
net744,6.18
net813,6.18
_0439_,6.165
_0637_,6.165
_0632_,6.16
_1209_,6.16
instance_1.rdata\[22\],6.16
_1236_,6.14
_1340_,6.14
_1478_,6.14
_1506_,6.14
_1605_,6.14
_1650_,6.14
_1662_,6.14
_1737_,6.14
_1778_,6.14
_1822_,6.14
_1834_,6.14
_1921_,6.14
_1959_,6.14
_2023_,6.14
_2027_,6.14
_2031_,6.14
net205,6.14
net548,6.14
net872,6.14
net905,6.14
_1263_,6.12
instance_1.rdata\[61\],6.12
wdata[53],6.11
_0339_,6.105
net308,6.105
_0027_,6.1
_0442_,6.08
net397,6.08
net616,6.08
net767,6.08
net807,6.08
_0476_,6.065
_0589_,6.065
net232,6.065
net352,6.065
instance_0.mem\[0\]\[3\],6.06
net412,6.04
net477,6.04
net478,6.04
net844,6.04
net906,6.04
net338,6.025
net372,6.025
_1156_,6.02
_1786_,6.02
net696,6.02
_0327_,6.005
_0336_,6.005
_0154_,5.98
_0193_,5.98
net425,5.98
net523,5.98
net656,5.98
wdata[29],5.97
wdata[44],5.97
_0335_,5.965
net644,5.96
instance_0.mem\[1\]\[39\],5.95
_0123_,5.94
_0392_,5.94
instance_0.rdata\[11\],5.94
instance_0.rdata\[12\],5.94
instance_1.mem\[3\]\[16\],5.94
net469,5.94
_0629_,5.905
_0287_,5.895
_0375_,5.895
_0522_,5.865
_0747_,5.84
_0870_,5.84
_0984_,5.84
_1524_,5.84
_1552_,5.84
_1583_,5.84
_1670_,5.84
_1691_,5.84
_1721_,5.84
_1840_,5.84
_1850_,5.84
_1851_,5.84
instance_1.rdata\[51\],5.84
net149,5.84
net441,5.84
net293,5.82
_0055_,5.805
_0400_,5.805
_0678_,5.805
_0136_,5.8
_0141_,5.8
_0789_,5.8
_0837_,5.8
_1307_,5.8
_1337_,5.8
_1636_,5.8
_1728_,5.8
_1776_,5.8
_1800_,5.8
_1868_,5.8
_1907_,5.8
_1970_,5.8
instance_0.rdata\[42\],5.8
net165,5.8
net207,5.8
_0092_,5.795
_0054_,5.765
_0407_,5.765
_0616_,5.765
_0664_,5.765
net196,5.765
net320,5.765
net358,5.765
_0099_,5.755
rdata[59],5.75
rdata[61],5.75
_0957_,5.74
_1625_,5.74
_1808_,5.74
_1503_,5.72
_1553_,5.72
_1572_,5.72
_1779_,5.72
_1859_,5.72
_1937_,5.72
_1984_,5.72
instance_0.mem\[1\]\[41\],5.72
instance_1.mem\[0\]\[23\],5.72
net189,5.72
net486,5.72
net571,5.72
_1801_,5.7
instance_0.mem\[1\]\[64\],5.7
net444,5.7
_0759_,5.68
_0929_,5.68
_0992_,5.68
_1253_,5.68
_1292_,5.68
_1484_,5.68
_1640_,5.68
_1671_,5.68
_1774_,5.68
_1909_,5.68
_1913_,5.68
_1953_,5.68
_1979_,5.68
_1986_,5.68
_1999_,5.68
_2042_,5.68
instance_0.mem\[3\]\[41\],5.68
net279,5.68
net499,5.68
net735,5.68
_0306_,5.645
wdata[18],5.63
wdata[46],5.63
wdata[60],5.63
wdata[64],5.63
_0041_,5.62
_0163_,5.62
_0656_,5.62
_0705_,5.62
net437,5.62
net540,5.62
_0079_,5.605
_0144_,5.605
_0357_,5.605
_0362_,5.605
_0501_,5.605
_0717_,5.605
net204,5.605
_2040_,5.6
instance_0.mem\[2\]\[63\],5.6
net792,5.6
_1584_,5.58
net468,5.58
net606,5.58
net858,5.58
_0408_,5.555
_0412_,5.545
net550,5.52
net605,5.52
net665,5.52
net772,5.52
net783,5.52
net946,5.52
_0053_,5.505
_0277_,5.505
_0358_,5.505
_0296_,5.5
net513,5.5
net979,5.5
instance_0.mem\[2\]\[5\],5.495
_0231_,5.48
_0298_,5.465
_0487_,5.465
net460,5.46
_0285_,5.445
_0415_,5.445
net840,5.44
_0265_,5.435
_0652_,5.435
_0255_,5.425
net306,5.425
net316,5.425
net826,5.4
_0090_,5.385
_0118_,5.38
_0124_,5.38
_0209_,5.38
_1001_,5.38
_1017_,5.38
_1513_,5.38
_1540_,5.38
_1673_,5.38
_1718_,5.38
_1946_,5.38
_2002_,5.38
instance_1.mem\[1\]\[64\],5.38
net193,5.38
net470,5.38
net544,5.38
net800,5.38
net815,5.38
net961,5.38
net980,5.38
_1920_,5.36
net233,5.36
_0146_,5.34
_0168_,5.34
_0235_,5.34
_0850_,5.34
_0889_,5.34
_1012_,5.34
_1184_,5.34
_1667_,5.34
_1956_,5.34
_1991_,5.34
_1725_,5.32
_0031_,5.315
_0581_,5.315
net192,5.315
_0321_,5.305
_0465_,5.305
net150,5.305
wdata[45],5.29
wdata[48],5.29
wdata[50],5.29
wr_n,5.29
instance_0.mem\[2\]\[2\],5.285
_0781_,5.28
_0989_,5.28
_1674_,5.28
_1705_,5.28
instance_0.mem\[0\]\[16\],5.28
_0015_,5.265
_0645_,5.265
_0976_,5.26
_0998_,5.26
_1062_,5.26
_1216_,5.26
_1455_,5.26
_1689_,5.26
_1731_,5.26
_1790_,5.26
instance_0.mem\[3\]\[27\],5.26
net257,5.26
net387,5.26
net466,5.26
_0502_,5.24
_1414_,5.22
_1677_,5.22
_1835_,5.22
net400,5.22
net642,5.22
net690,5.22
net730,5.22
_0040_,5.185
_0445_,5.185
net164,5.185
_0667_,5.165
net508,5.16
net520,5.16
net602,5.16
net910,5.16
_1733_,5.14
_1849_,5.14
instance_0.mem\[1\]\[19\],5.14
instance_1.rdata\[41\],5.14
net454,5.14
net501,5.14
net599,5.14
_1309_,5.12
instance_0.rdata\[66\],5.12
net384,5.12
net672,5.12
net693,5.12
net773,5.12
net789,5.12
net859,5.12
net951,5.12
net958,5.12
net975,5.12
_0346_,5.095
_0441_,5.085
net354,5.085
net479,5.06
net757,5.06
net266,5.045
_0216_,5.02
net866,5
_0057_,4.985
_0405_,4.985
_0509_,4.985
net318,4.985
instance_1.mem\[3\]\[37\],4.98
_0058_,4.975
_0473_,4.975
_0550_,4.975
rdata[44],4.95
rdata[58],4.95
wdata[58],4.95
net307,4.94
_0806_,4.92
_1008_,4.92
_1739_,4.92
_1789_,4.92
instance_0.mem\[1\]\[30\],4.92
instance_1.rdata\[60\],4.92
net347,4.92
net585,4.92
net739,4.92
net746,4.92
net827,4.92
net888,4.92
_1289_,4.9
net168,4.9
_0125_,4.88
_0166_,4.88
_0247_,4.88
_1005_,4.88
_1083_,4.88
_1573_,4.88
_1644_,4.88
_1781_,4.88
_1841_,4.88
_1843_,4.88
_1899_,4.88
_1914_,4.88
_1973_,4.88
instance_0.mem\[1\]\[23\],4.88
net337,4.88
net373,4.88
net843,4.88
_0290_,4.845
_0459_,4.845
_0520_,4.845
net252,4.845
_0498_,4.84
_0733_,4.82
_0748_,4.82
_1511_,4.82
_1814_,4.82
_1856_,4.82
_2012_,4.82
_0436_,4.805
_0760_,4.8
_0910_,4.8
_1431_,4.8
_1560_,4.8
_1598_,4.8
_1971_,4.8
_2035_,4.8
net237,4.8
net273,4.8
net854,4.8
net867,4.8
_1402_,4.76
_1590_,4.76
_1741_,4.76
_1833_,4.76
net321,4.76
net455,4.76
_0035_,4.755
rdata[17],4.73
_0544_,4.725
net364,4.725
_0658_,4.72
_0106_,4.7
_0350_,4.7
_0531_,4.7
_0689_,4.7
net551,4.7
net576,4.7
net598,4.7
net713,4.7
net749,4.7
net774,4.7
net829,4.7
net806,4.68
_1465_,4.66
net406,4.66
net882,4.66
net947,4.66
_0093_,4.635
_0603_,4.625
_0657_,4.625
_0719_,4.625
net328,4.625
wdata[61],4.61
net287,4.6
net504,4.6
_0028_,4.585
_0283_,4.585
_0347_,4.585
net346,4.585
_0103_,4.58
_0370_,4.58
_0384_,4.58
_1768_,4.56
instance_0.mem\[1\]\[62\],4.56
instance_1.mem\[1\]\[42\],4.56
net836,4.56
_0005_,4.555
_0248_,4.505
_0584_,4.505
_0260_,4.465
_0122_,4.46
_0147_,4.46
_0731_,4.46
_1183_,4.46
_1842_,4.46
_1941_,4.46
_2006_,4.46
instance_0.rdata\[1\],4.46
instance_1.rdata\[59\],4.46
net175,4.46
net579,4.46
net770,4.46
net784,4.46
net830,4.46
_1064_,4.435
_0148_,4.42
_0178_,4.42
_1470_,4.42
_1516_,4.42
_1836_,4.42
_1923_,4.42
instance_1.mem\[2\]\[26\],4.42
address[2],4.39
rdata[27],4.39
rdata[29],4.39
rdata[50],4.39
rdata[51],4.39
rdata[53],4.39
rdata[9],4.39
_0457_,4.385
_0600_,4.385
net178,4.385
net286,4.385
net314,4.385
_0463_,4.36
_0775_,4.36
_0787_,4.36
_1568_,4.36
_1975_,4.36
_0732_,4.34
_1109_,4.34
_1137_,4.34
_1192_,4.34
_1508_,4.34
_1684_,4.34
_1717_,4.34
_1735_,4.34
_1807_,4.34
_1813_,4.34
_1916_,4.34
net339,4.34
net422,4.34
net586,4.34
net595,4.34
net883,4.34
_0089_,4.295
_0595_,4.295
net246,4.295
rdata[57],4.27
rdata[60],4.27
rdata[64],4.27
_0270_,4.265
_0422_,4.265
_0558_,4.265
_0644_,4.265
net310,4.265
_0660_,4.26
_0323_,4.24
_0472_,4.24
_0699_,4.24
net410,4.24
net495,4.24
net533,4.24
net678,4.24
net704,4.24
net794,4.24
net908,4.24
net914,4.24
net930,4.24
net939,4.24
_1392_,4.22
net702,4.22
net691,4.2
net699,4.2
net756,4.2
net893,4.2
net927,4.2
_0554_,4.165
net210,4.165
_0116_,4.14
_0182_,4.14
_0243_,4.14
net677,4.14
net793,4.14
net965,4.14
_0012_,4.125
_0601_,4.125
net182,4.125
_0325_,4.12
_0708_,4.12
net432,4.12
_0309_,4.085
_0588_,4.085
_0111_,4.025
_0047_,4.02
_0167_,4
_0172_,4
_0198_,4
_0210_,4
_0242_,4
_0771_,4
_0925_,4
_1252_,4
_1474_,4
_1637_,4
_1653_,4
_1655_,4
_1962_,4
instance_1.rdata\[56\],4
net187,4
net428,4
net465,4
net659,4
net751,4
_0859_,3.98
_0084_,3.965
_0333_,3.965
net254,3.965
net362,3.965
address[0],3.93
wdata[24],3.93
wdata[49],3.93
wdata[59],3.93
_0253_,3.925
_0341_,3.925
_0382_,3.925
_0427_,3.925
_0506_,3.925
_0615_,3.925
_0706_,3.925
_0710_,3.925
net222,3.925
net230,3.925
net248,3.925
_0953_,3.9
_1230_,3.9
_1497_,3.9
_1579_,3.9
_1723_,3.9
net327,3.9
_0755_,3.88
_1051_,3.88
_1374_,3.88
_1453_,3.88
_1500_,3.88
_1509_,3.88
_1551_,3.88
_1556_,3.88
_1922_,3.88
_2013_,3.88
net173,3.88
net333,3.88
net369,3.88
net411,3.88
net536,3.88
net557,3.88
net621,3.88
net630,3.88
net703,3.88
_0356_,3.805
_0380_,3.805
_0513_,3.805
net176,3.805
_0313_,3.78
_0434_,3.78
_0444_,3.78
_1675_,3.78
net391,3.78
net398,3.78
net572,3.78
net717,3.78
net795,3.78
net833,3.78
net493,3.74
net709,3.74
net852,3.74
net881,3.74
_0101_,3.705
_0685_,3.705
net224,3.705
net344,3.705
net370,3.705
_0126_,3.68
_1072_,3.68
net562,3.68
net652,3.68
net671,3.68
net799,3.68
_1114_,3.66
net573,3.66
instance_0.mem\[2\]\[12\],3.64
net846,3.64
net916,3.64
_0712_,3.615
_0159_,3.585
_0455_,3.585
_0505_,3.585
net247,3.56
net251,3.56
net263,3.56
net303,3.56
_0131_,3.54
_0155_,3.54
_0222_,3.54
_0734_,3.54
_0763_,3.54
_0776_,3.54
_0914_,3.54
_1006_,3.54
_1032_,3.54
_1229_,3.54
_1603_,3.54
_1712_,3.54
_1785_,3.54
_1875_,3.54
_1948_,3.54
_1958_,3.54
_2019_,3.54
instance_1.mem\[1\]\[24\],3.54
net161,3.54
net183,3.54
net215,3.54
net297,3.54
net305,3.54
net564,3.54
net566,3.54
net645,3.54
net667,3.54
net668,3.54
net847,3.54
net865,3.54
net875,3.54
net931,3.54
net969,3.54
_1897_,3.52
_0065_,3.505
_0311_,3.505
_0349_,3.505
_0426_,3.505
_0469_,3.505
net366,3.505
_0018_,3.465
_0175_,3.465
_0268_,3.465
_0338_,3.465
_0401_,3.465
_0425_,3.465
_0497_,3.465
_0571_,3.465
_0612_,3.465
net180,3.465
net312,3.465
net334,3.465
_0754_,3.44
_0827_,3.44
_0944_,3.44
_1102_,3.44
_1493_,3.44
_1694_,3.44
_1703_,3.44
_2026_,3.44
_2029_,3.44
_0728_,3.42
_0762_,3.42
_0938_,3.42
_1120_,3.42
_1213_,3.42
_1351_,3.42
_1360_,3.42
_1377_,3.42
_1383_,3.42
_1468_,3.42
_1558_,3.42
_1627_,3.42
_1763_,3.42
_1812_,3.42
_1821_,3.42
_1873_,3.42
_1988_,3.42
_2045_,3.42
net179,3.42
net271,3.42
net277,3.42
net331,3.42
net375,3.42
net399,3.42
net433,3.42
net440,3.42
net490,3.42
net592,3.42
net601,3.42
net680,3.42
net871,3.42
net895,3.42
net915,3.42
_0173_,3.405
_0461_,3.405
_0610_,3.405
_0070_,3.345
_0340_,3.345
_0482_,3.345
_0539_,3.345
_0542_,3.345
_0590_,3.345
_0607_,3.345
_0679_,3.345
_0044_,3.34
_0458_,3.34
_0484_,3.32
_0562_,3.32
net258,3.32
net392,3.32
net500,3.32
net502,3.32
net506,3.32
net521,3.32
net528,3.32
net545,3.32
net578,3.32
net604,3.32
net724,3.32
net750,3.32
net835,3.32
instance_1.mem\[2\]\[11\],3.3
net525,3.3
_0642_,3.275
_0337_,3.245
_0404_,3.245
_0423_,3.245
_0585_,3.245
_0646_,3.245
_0682_,3.245
_0695_,3.245
_0707_,3.245
_0714_,3.245
net162,3.245
net250,3.245
net292,3.245
_0464_,3.235
_0187_,3.225
_0466_,3.225
_0176_,3.22
net383,3.22
net452,3.22
net505,3.22
net582,3.22
net589,3.22
net760,3.22
net857,3.22
net945,3.22
net959,3.22
_0137_,3.18
_1296_,3.18
net759,3.18
_0372_,3.175
_0527_,3.175
_0608_,3.175
_0702_,3.175
net302,3.175
_0418_,3.165
_0062_,3.145
_0438_,3.145
_0318_,3.125
_0095_,3.1
net575,3.1
_0170_,3.08
_0183_,3.08
_0194_,3.08
_0195_,3.08
_0252_,3.08
_0739_,3.08
_0785_,3.08
_0855_,3.08
_1310_,3.08
_1325_,3.08
_1565_,3.08
_1567_,3.08
_1593_,3.08
_1645_,3.08
_1732_,3.08
_1749_,3.08
_1757_,3.08
_1784_,3.08
_1829_,3.08
_1864_,3.08
_1866_,3.08
_1977_,3.08
net167,3.08
net177,3.08
net527,3.08
net530,3.08
net728,3.08
net778,3.08
net880,3.08
_0687_,3.075
_0263_,3.045
_0275_,3.045
_0462_,3.045
_0510_,3.045
_0680_,3.045
_0541_,3.005
_0561_,3.005
_0591_,3.005
_0605_,3.005
_0641_,3.005
_0653_,3.005
_0700_,3.005
net156,3.005
net216,3.005
_0085_,2.98
_0534_,2.98
_1103_,2.98
_1172_,2.98
_1574_,2.98
_1719_,2.98
_1803_,2.98
_1869_,2.98
net423,2.98
_0829_,2.96
_0868_,2.96
_1561_,2.96
_1614_,2.96
_1618_,2.96
_1634_,2.96
_1900_,2.96
_1927_,2.96
_1994_,2.96
_2000_,2.96
_2005_,2.96
_2038_,2.96
net181,2.96
net201,2.96
net213,2.96
net231,2.96
net353,2.96
net464,2.96
net516,2.96
net532,2.96
net535,2.96
net588,2.96
net761,2.96
net814,2.96
_0105_,2.945
_0628_,2.945
_0112_,2.935
net152,2.925
_0016_,2.885
_0102_,2.885
_0328_,2.885
_0432_,2.885
_0650_,2.885
_0000_,2.88
_0351_,2.88
_0371_,2.88
_0477_,2.88
_0611_,2.88
_0021_,2.86
_0063_,2.86
_0081_,2.86
_0087_,2.86
_0320_,2.86
_0447_,2.86
_0490_,2.86
_0518_,2.86
net381,2.86
net388,2.86
net563,2.86
net596,2.86
net634,2.86
net679,2.86
net686,2.86
net700,2.86
net775,2.86
net791,2.86
net808,2.86
net925,2.86
net940,2.86
net475,2.84
net877,2.84
_0547_,2.835
net300,2.835
_0011_,2.785
_0108_,2.785
_0299_,2.785
_0344_,2.785
_0494_,2.785
_0525_,2.785
_0557_,2.785
_0572_,2.785
_0672_,2.785
net172,2.785
net360,2.785
_1125_,2.76
_1221_,2.76
net436,2.76
net603,2.76
net608,2.76
net617,2.76
net619,2.76
net625,2.76
net649,2.76
net684,2.76
net697,2.76
net706,2.76
net719,2.76
net721,2.76
net740,2.76
net742,2.76
net762,2.76
net765,2.76
net779,2.76
net781,2.76
net823,2.76
net952,2.76
_0010_,2.715
_0082_,2.715
_0096_,2.715
_0153_,2.715
_0324_,2.715
_0373_,2.715
_0429_,2.715
_0471_,2.715
_0483_,2.715
_0533_,2.715
_0668_,2.715
_0674_,2.715
net350,2.715
_0066_,2.705
_0302_,2.705
_0310_,2.705
_0417_,2.705
_0598_,2.705
_0651_,2.705
_0673_,2.705
_0634_,2.685
_0179_,2.62
_0254_,2.62
_0752_,2.62
_0773_,2.62
_0792_,2.62
_0801_,2.62
_1000_,2.62
_1291_,2.62
_1305_,2.62
_1334_,2.62
_1390_,2.62
_1403_,2.62
_1610_,2.62
_1622_,2.62
_1890_,2.62
_1957_,2.62
instance_1.mem\[0\]\[14\],2.62
instance_1.rdata\[4\],2.62
net191,2.62
net223,2.62
net259,2.62
net345,2.62
net359,2.62
net371,2.62
net559,2.62
net590,2.62
net904,2.62
net919,2.62
_0300_,2.595
_0433_,2.595
_0009_,2.585
_0064_,2.585
_0301_,2.585
_0365_,2.585
_0440_,2.585
_0621_,2.585
_0692_,2.585
net294,2.585
_0237_,2.545
_0239_,2.545
_0246_,2.545
_0266_,2.545
_0359_,2.545
_0390_,2.545
_0409_,2.545
_0410_,2.545
_0496_,2.545
_0538_,2.545
_0624_,2.545
_0686_,2.545
net208,2.545
net214,2.545
net218,2.545
net238,2.545
_0540_,2.52
_0848_,2.52
_0927_,2.52
_0987_,2.52
_1191_,2.52
_1240_,2.52
_1303_,2.52
_1417_,2.52
_1425_,2.52
_1452_,2.52
_1480_,2.52
_1619_,2.52
_1632_,2.52
_1661_,2.52
_1692_,2.52
_1734_,2.52
_1760_,2.52
_1796_,2.52
_1930_,2.52
_1936_,2.52
_0751_,2.5
_0780_,2.5
_0818_,2.5
_0916_,2.5
_0920_,2.5
_0999_,2.5
_1063_,2.5
_1411_,2.5
_1714_,2.5
_1919_,2.5
_1928_,2.5
_1931_,2.5
_1952_,2.5
_1996_,2.5
net289,2.5
net355,2.5
net471,2.5
net553,2.5
net718,2.5
net920,2.5
_0110_,2.485
_0192_,2.485
_0269_,2.485
_0288_,2.485
_0345_,2.485
_0515_,2.485
_0551_,2.485
_0552_,2.485
_0565_,2.485
_0655_,2.485
_0694_,2.485
_0713_,2.485
_0038_,2.42
_0046_,2.42
_0086_,2.42
_0251_,2.42
_0314_,2.42
_0315_,2.42
_0448_,2.42
_0489_,2.42
_0524_,2.42
_0563_,2.42
_0577_,2.42
_0583_,2.42
_0592_,2.42
_0604_,2.42
_0696_,2.42
net393,2.4
net476,2.4
net497,2.4
net587,2.4
net597,2.4
net614,2.4
net741,2.4
net768,2.4
net912,2.4
net934,2.4
net944,2.4
_1243_,2.38
_0019_,2.375
_0034_,2.375
_0113_,2.375
_0396_,2.375
_0437_,2.375
_0486_,2.375
net170,2.375
_0006_,2.325
_0017_,2.325
_0037_,2.325
_0071_,2.325
_0078_,2.325
_0201_,2.325
_0267_,2.325
_0279_,2.325
_0286_,2.325
_0391_,2.325
_0406_,2.325
_0424_,2.325
_0468_,2.325
_0470_,2.325
_0546_,2.325
_0549_,2.325
_0555_,2.325
_0559_,2.325
_0570_,2.325
_0625_,2.325
net174,2.325
net240,2.325
net280,2.325
net340,2.325
_1206_,2.3
net376,2.3
net377,2.3
net380,2.3
net389,2.3
net390,2.3
net394,2.3
net402,2.3
net403,2.3
net405,2.3
net409,2.3
net413,2.3
net417,2.3
net431,2.3
net435,2.3
net439,2.3
net447,2.3
net449,2.3
net450,2.3
net451,2.3
net459,2.3
net467,2.3
net481,2.3
net487,2.3
net488,2.3
net510,2.3
net514,2.3
net515,2.3
net524,2.3
net526,2.3
net531,2.3
net543,2.3
net556,2.3
net558,2.3
net581,2.3
net607,2.3
net609,2.3
net662,2.3
net664,2.3
net676,2.3
net692,2.3
net694,2.3
net720,2.3
net723,2.3
net736,2.3
net743,2.3
net745,2.3
net758,2.3
net766,2.3
net776,2.3
net809,2.3
net810,2.3
net838,2.3
net842,2.3
net845,2.3
net849,2.3
net851,2.3
net869,2.3
net897,2.3
net899,2.3
net926,2.3
net932,2.3
net938,2.3
net943,2.3
net953,2.3
net970,2.3
net404,2.28
_0033_,2.26
_0580_,2.26
_0233_,2.255
_0280_,2.255
_0284_,2.255
net304,2.255
_0368_,2.205
_0996_,2.18
net862,2.18
_0132_,2.16
_0212_,2.16
_0221_,2.16
_0227_,2.16
_0768_,2.16
_0774_,2.16
_0931_,2.16
_0949_,2.16
_1015_,2.16
_1210_,2.16
_1381_,2.16
_1382_,2.16
_1510_,2.16
_1791_,2.16
_1826_,2.16
_1883_,2.16
_1906_,2.16
_1938_,2.16
_1950_,2.16
_1951_,2.16
_1964_,2.16
net335,2.16
net623,2.16
net705,2.16
net819,2.16
net839,2.16
net957,2.16
net971,2.16
net206,2.145
net284,2.145
_0393_,2.135
_0676_,2.135
_0036_,2.125
_0042_,2.125
_0069_,2.125
_0312_,2.125
_0398_,2.125
_0411_,2.125
_0413_,2.125
_0452_,2.125
_0633_,2.125
_0690_,2.125
net234,2.125
_0109_,2.085
_0217_,2.085
_0399_,2.085
_0537_,2.085
_0543_,2.085
_0662_,2.085
_0716_,2.085
net278,2.085
_0157_,2.06
_0331_,2.06
_0758_,2.06
_0761_,2.06
_0767_,2.06
_0770_,2.06
_0777_,2.06
_0784_,2.06
_0790_,2.06
_0794_,2.06
_0795_,2.06
_0796_,2.06
_0798_,2.06
_0799_,2.06
_0802_,2.06
_0804_,2.06
_0833_,2.06
_0866_,2.06
_0912_,2.06
_1089_,2.06
_1122_,2.06
_1265_,2.06
_1488_,2.06
_1543_,2.06
_1547_,2.06
_1581_,2.06
_1587_,2.06
_1589_,2.06
_1651_,2.06
_1652_,2.06
_1669_,2.06
_1678_,2.06
_1681_,2.06
_1695_,2.06
_1711_,2.06
_1745_,2.06
_1761_,2.06
_1764_,2.06
_1824_,2.06
_1893_,2.06
_1918_,2.06
_1939_,2.06
_1943_,2.06
_2033_,2.06
_0740_,2.04
_0994_,2.04
_1353_,2.04
_1528_,2.04
_1844_,2.04
_1848_,2.04
_1989_,2.04
net217,2.04
net225,2.04
net325,2.04
net554,2.04
net695,2.04
_0002_,2.025
_0008_,2.025
_0026_,2.025
_0032_,2.025
_0074_,2.025
_0080_,2.025
_0164_,2.025
_0186_,2.025
_0262_,2.025
_0289_,2.025
_0294_,2.025
_0326_,2.025
_0329_,2.025
_0334_,2.025
_0383_,2.025
_0435_,2.025
_0446_,2.025
_0488_,2.025
_0491_,2.025
_0493_,2.025
_0511_,2.025
_0523_,2.025
_0556_,2.025
_0578_,2.025
_0597_,2.025
_0635_,2.025
_0639_,2.025
_0666_,2.025
_0677_,2.025
_0681_,2.025
_0684_,2.025
_0693_,2.025
_0709_,2.025
net264,1.975
net445,1.94
net458,1.94
net482,1.94
net498,1.94
net529,1.94
net570,1.94
net648,1.94
net674,1.94
net780,1.94
net782,1.94
net790,1.94
net816,1.94
net834,1.94
net855,1.94
net870,1.94
net878,1.94
net918,1.94
net928,1.94
net963,1.94
net968,1.94
_0001_,1.915
net296,1.915
_0022_,1.865
_0048_,1.865
_0077_,1.865
_0083_,1.865
_0257_,1.865
_0304_,1.865
_0319_,1.865
_0343_,1.865
_0378_,1.865
_0397_,1.865
_0503_,1.865
_0516_,1.865
_0517_,1.865
_0519_,1.865
_0526_,1.865
_0535_,1.865
_0545_,1.865
_0560_,1.865
_0586_,1.865
_0593_,1.865
_0594_,1.865
_0606_,1.865
_0617_,1.865
_0620_,1.865
_0647_,1.865
_0654_,1.865
_0669_,1.865
net272,1.865
net282,1.865
net290,1.865
net419,1.84
net463,1.84
net484,1.84
net593,1.84
net626,1.84
net651,1.84
net658,1.84
net660,1.84
net683,1.84
net710,1.84
net715,1.84
net725,1.84
net726,1.84
net748,1.84
net754,1.84
net763,1.84
net787,1.84
net796,1.84
net798,1.84
net802,1.84
net803,1.84
net817,1.84
net831,1.84
net832,1.84
net837,1.84
net841,1.84
net861,1.84
net864,1.84
net874,1.84
net879,1.84
net886,1.84
net887,1.84
net898,1.84
net900,1.84
net907,1.84
net921,1.84
net950,1.84
net955,1.84
net972,1.84
_0014_,1.745
_0453_,1.745
net342,1.745
_0127_,1.7
_0226_,1.7
_0240_,1.7
_0245_,1.7
_0797_,1.7
_0835_,1.7
_1676_,1.7
_1742_,1.7
_1799_,1.7
_1891_,1.7
_1993_,1.7
_2016_,1.7
net153,1.7
net755,1.7
net190,1.685
net200,1.685
net260,1.685
_0766_,1.6
_0853_,1.6
_0895_,1.6
_1447_,1.6
_1525_,1.6
_1570_,1.6
_1609_,1.6
_1690_,1.6
_1706_,1.6
_1726_,1.6
_1744_,1.6
_1746_,1.6
_1762_,1.6
_1793_,1.6
_1827_,1.6
_1854_,1.6
_1892_,1.6
_1904_,1.6
_1912_,1.6
_1985_,1.6
_0098_,1.575
_0443_,1.575
_0579_,1.575
_0609_,1.575
net202,1.575
net262,1.575
net268,1.575
net274,1.575
_1235_,1.48
net378,1.48
net401,1.48
net489,1.48
net611,1.48
net618,1.48
net673,1.48
net681,1.48
net732,1.48
net828,1.48
net929,1.48
net935,1.48
_0386_,1.405
_0514_,1.405
_0548_,1.405
_0574_,1.405
_0623_,1.405
_0643_,1.405
net154,1.405
net186,1.405
net151,1.38
net171,1.38
net267,1.38
_0723_,1.14
_0724_,1.14
_0725_,1.14
_0726_,1.14
_0730_,1.14
_0735_,1.14
_0737_,1.14
_0744_,1.14
_0756_,1.14
_0769_,1.14
_0803_,1.14
_1010_,1.14
_1018_,1.14
_1199_,1.14
_1429_,1.14
_1466_,1.14
_1495_,1.14
_1580_,1.14
_1595_,1.14
_1648_,1.14
_1701_,1.14
_1767_,1.14
_1792_,1.14
_1825_,1.14
_1855_,1.14
_1960_,1.14
_1978_,1.14
_2007_,1.14
net429,1.02
net653,1.02
net675,1.02
net811,1.02
net901,1.02
_0139_,0.92
_0138_,0.46
_0161_,0.46
_0165_,0.46
_0174_,0.46
_0177_,0.46
_0190_,0.46
_0202_,0.46
_0223_,0.46
_0225_,0.46
_0230_,0.46
_0238_,0.46
net229,0.46
net269,0.46
net283,0.46
net309,0.46
net351,0.46
